joint,time,target_pos,actual_pos
joint1,0.0,0.0,1.726388290990144e-05
joint1,0.01,0.009423227980732918,0.0005132320220582187
joint1,0.02,0.018837155774235725,0.002055676421150565
joint1,0.03,0.028232494369149208,0.005104621406644583
joint1,0.04,0.037599969655275345,0.00996716134250164
joint1,0.05,0.04693033918738365,0.016789522022008896
joint1,0.06,0.05621439591050148,0.02556183561682701
joint1,0.07,0.06544297188520432,0.0361328087747097
joint1,0.08,0.07460696250200272,0.04823100566864014
joint1,0.09,0.08369733393192291,0.06149188056588173
joint1,0.1,0.09270510077476501,0.07548977434635162
joint1,0.11,0.10162137448787689,0.0897720456123352
joint1,0.12,0.11043736338615417,0.1038968563079834
joint1,0.13,0.11914436519145966,0.11746512353420258
joint1,0.14,0.12773378193378448,0.13014870882034302
joint1,0.15,0.13619714975357056,0.14171113073825836
joint1,0.16,0.14452610909938812,0.15201786160469055
joint1,0.17,0.15271241962909698,0.16103628277778625
joint1,0.18,0.16074803471565247,0.1688278764486313
joint1,0.19,0.16862501204013824,0.17553098499774933
joint1,0.2,0.17633557319641113,0.18134166300296783
joint1,0.21,0.18387211859226227,0.1864905208349228
joint1,0.22,0.19122719764709473,0.19122029840946198
joint1,0.23,0.1983935534954071,0.19576554000377655
joint1,0.24,0.2053641378879547,0.20033523440361023
joint1,0.25,0.2121320366859436,0.20509973168373108
joint1,0.26,0.21869058907032013,0.210182324051857
joint1,0.27,0.22503332793712616,0.21565474569797516
joint1,0.28,0.23115397989749908,0.2215368002653122
joint1,0.29,0.2370465099811554,0.2277999222278595
joint1,0.3,0.2427050918340683,0.23437342047691345
joint1,0.31,0.2481241673231125,0.24115301668643951
joint1,0.32,0.2532983720302582,0.24801115691661835
joint1,0.33,0.2582226097583771,0.254807710647583
joint1,0.34,0.2628920078277588,0.2614007890224457
joint1,0.35,0.2673019468784332,0.2676571309566498
joint1,0.36,0.2714481055736542,0.2734605669975281
joint1,0.37,0.2753264009952545,0.2787189483642578
joint1,0.38,0.27893295884132385,0.28336814045906067
joint1,0.39,0.28226423263549805,0.2873755693435669
joint1,0.4,0.28531694412231445,0.2907381057739258
joint1,0.41,0.2880881130695343,0.29348045587539673
joint1,0.42,0.29057493805885315,0.2956506311893463
joint1,0.43,0.29277503490448,0.29731398820877075
joint1,0.44,0.2946861684322357,0.298546701669693
joint1,0.45,0.2963064908981323,0.29942891001701355
joint1,0.46,0.29763442277908325,0.30003777146339417
joint1,0.47,0.29866859316825867,0.300442099571228
joint1,0.48,0.2994080185890198,0.300697386264801
joint1,0.49,0.2998519539833069,0.3008432686328888
joint1,0.5,0.30000001192092896,0.3009016513824463
joint1,0.51,0.2998519539833069,0.3008768856525421
joint1,0.52,0.2994080185890198,0.3007568120956421
joint1,0.53,0.29866859316825867,0.300515741109848
joint1,0.54,0.29763442277908325,0.30011752247810364
joint1,0.55,0.2963064908981323,0.29951927065849304
joint1,0.56,0.2946861684322357,0.29867541790008545
joint1,0.57,0.29277503490448,0.2975412607192993
joint1,0.58,0.29057493805885315,0.2960765063762665
joint1,0.59,0.2880881130695343,0.2942478060722351
joint1,0.6,0.28531694412231445,0.2920307517051697
joint1,0.61,0.28226423263549805,0.28941094875335693
joint1,0.62,0.27893295884132385,0.2863842844963074
joint1,0.63,0.2753264009952545,0.28295648097991943
joint1,0.64,0.2714481055736542,0.27914199233055115
joint1,0.65,0.2673019468784332,0.27496248483657837
joint1,0.66,0.2628920078277588,0.27044475078582764
joint1,0.67,0.2582226097583771,0.26561859250068665
joint1,0.68,0.2532983720302582,0.26051464676856995
joint1,0.69,0.2481241673231125,0.2551625669002533
joint1,0.7,0.2427050918340683,0.24958917498588562
joint1,0.71,0.2370465099811554,0.2438172847032547
joint1,0.72,0.23115397989749908,0.23786471784114838
joint1,0.73,0.22503332793712616,0.23174400627613068
joint1,0.74,0.21869058907032013,0.22546230256557465
joint1,0.75,0.2121320366859436,0.21902194619178772
joint1,0.76,0.2053641378879547,0.21242111921310425
joint1,0.77,0.1983935534954071,0.20565490424633026
joint1,0.78,0.19122719764709473,0.19871650636196136
joint1,0.79,0.18387211859226227,0.1915983259677887
joint1,0.8,0.17633557319641113,0.18429329991340637
joint1,0.81,0.16862501204013824,0.17679566144943237
joint1,0.82,0.16074803471565247,0.1691020280122757
joint1,0.83,0.15271241962909698,0.16121193766593933
joint1,0.84,0.14452610909938812,0.15312807261943817
joint1,0.85,0.13619714975357056,0.14485639333724976
joint1,0.86,0.12773378193378448,0.13640587031841278
joint1,0.87,0.11914436519145966,0.12778829038143158
joint1,0.88,0.11043736338615417,0.1190176010131836
joint1,0.89,0.10162137448787689,0.11010932922363281
joint1,0.9,0.09270510077476501,0.10107984393835068
joint1,0.91,0.08369733393192291,0.09194585680961609
joint1,0.92,0.07460696250200272,0.08272358030080795
joint1,0.93,0.06544297188520432,0.07342846691608429
joint1,0.94,0.05621439591050148,0.06407458335161209
joint1,0.95,0.04693033918738365,0.054674629122018814
joint1,0.96,0.037599969655275345,0.0452396385371685
joint1,0.97,0.028232494369149208,0.03577905893325806
joint1,0.98,0.018837155774235725,0.026300916448235512
joint1,0.99,0.009423227980732918,0.016812052577733994
joint1,1.0,-6.293943959626491e-16,0.007318438962101936
joint1,1.01,-0.009423227980732918,-0.002174507128074765
joint1,1.02,-0.018837155774235725,-0.011661547236144543
joint1,1.03,-0.028232494369149208,-0.021137315779924393
joint1,1.04,-0.037599969655275345,-0.030596015974879265
joint1,1.05,-0.04693033918738365,-0.04003122076392174
joint1,1.06,-0.05621439591050148,-0.04943570867180824
joint1,1.07,-0.06544297188520432,-0.05880140885710716
joint1,1.08,-0.07460696250200272,-0.06811938434839249
joint1,1.09,-0.08369733393192291,-0.07737990468740463
joint1,1.1,-0.09270510077476501,-0.08657260984182358
joint1,1.11,-0.10162137448787689,-0.09568667411804199
joint1,1.12,-0.11043736338615417,-0.10471094399690628
joint1,1.13,-0.11914436519145966,-0.11363421380519867
joint1,1.14,-0.12773378193378448,-0.1224454790353775
joint1,1.15,-0.13619714975357056,-0.13113397359848022
joint1,1.16,-0.14452610909938812,-0.1396893560886383
joint1,1.17,-0.15271241962909698,-0.14810192584991455
joint1,1.18,-0.16074803471565247,-0.15636268258094788
joint1,1.19,-0.16862501204013824,-0.1644631177186966
joint1,1.2,-0.17633557319641113,-0.1723954826593399
joint1,1.21,-0.18387211859226227,-0.18015258014202118
joint1,1.22,-0.19122719764709473,-0.187727689743042
joint1,1.23,-0.1983935534954071,-0.19511453807353973
joint1,1.24,-0.2053641378879547,-0.20230717957019806
joint1,1.25,-0.2121320366859436,-0.20929983258247375
joint1,1.26,-0.21869058907032013,-0.21608678996562958
joint1,1.27,-0.22503332793712616,-0.22266264259815216
joint1,1.28,-0.23115397989749908,-0.22902151942253113
joint1,1.29,-0.2370465099811554,-0.23515744507312775
joint1,1.3,-0.2427050918340683,-0.2410649061203003
joint1,1.31,-0.2481241673231125,-0.24673794209957123
joint1,1.32,-0.2532983720302582,-0.25217077136039734
joint1,1.33,-0.2582226097583771,-0.2573574185371399
joint1,1.34,-0.2628920078277588,-0.2622920870780945
joint1,1.35,-0.2673019468784332,-0.266969233751297
joint1,1.36,-0.2714481055736542,-0.27138352394104004
joint1,1.37,-0.2753264009952545,-0.2755298316478729
joint1,1.38,-0.27893295884132385,-0.2794032394886017
joint1,1.39,-0.28226423263549805,-0.28299960494041443
joint1,1.4,-0.28531694412231445,-0.28631487488746643
joint1,1.41,-0.2880881130695343,-0.2893456816673279
joint1,1.42,-0.29057493805885315,-0.29208889603614807
joint1,1.43,-0.29277503490448,-0.2945419251918793
joint1,1.44,-0.2946861684322357,-0.29670250415802
joint1,1.45,-0.2963064908981323,-0.2985690236091614
joint1,1.46,-0.29763442277908325,-0.30014002323150635
joint1,1.47,-0.29866859316825867,-0.30141422152519226
joint1,1.48,-0.2994080185890198,-0.302390992641449
joint1,1.49,-0.2998519539833069,-0.3030698001384735
joint1,1.5,-0.30000001192092896,-0.3034500777721405
joint1,1.51,-0.2998519539833069,-0.3035318851470947
joint1,1.52,-0.2994080185890198,-0.3033153712749481
joint1,1.53,-0.29866859316825867,-0.3028007447719574
joint1,1.54,-0.29763442277908325,-0.30198851227760315
joint1,1.55,-0.2963064908981323,-0.30087918043136597
joint1,1.56,-0.2946861684322357,-0.2994738817214966
joint1,1.57,-0.29277503490448,-0.2977738380432129
joint1,1.58,-0.29057493805885315,-0.295780211687088
joint1,1.59,-0.2880881130695343,-0.29349493980407715
joint1,1.6,-0.28531694412231445,-0.2909199297428131
joint1,1.61,-0.28226423263549805,-0.2880575656890869
joint1,1.62,-0.27893295884132385,-0.28491050004959106
joint1,1.63,-0.2753264009952545,-0.28148162364959717
joint1,1.64,-0.2714481055736542,-0.277774453163147
joint1,1.65,-0.2673019468784332,-0.2737925052642822
joint1,1.66,-0.2628920078277588,-0.26953980326652527
joint1,1.67,-0.2582226097583771,-0.2650206983089447
joint1,1.68,-0.2532983720302582,-0.2602395713329315
joint1,1.69,-0.2481241673231125,-0.2552013397216797
joint1,1.7,-0.2427050918340683,-0.2499111145734787
joint1,1.71,-0.2370465099811554,-0.24437426030635834
joint1,1.72,-0.23115397989749908,-0.2385963648557663
joint1,1.73,-0.22503332793712616,-0.2325832098722458
joint1,1.74,-0.21869058907032013,-0.2263409048318863
joint1,1.75,-0.2121320366859436,-0.2198755443096161
joint1,1.76,-0.2053641378879547,-0.21319355070590973
joint1,1.77,-0.1983935534954071,-0.2063014954328537
joint1,1.78,-0.19122719764709473,-0.1992061883211136
joint1,1.79,-0.18387211859226227,-0.19191452860832214
joint1,1.8,-0.17633557319641113,-0.18443360924720764
joint1,1.81,-0.16862501204013824,-0.17677077651023865
joint1,1.82,-0.16074803471565247,-0.16893348097801208
joint1,1.83,-0.15271241962909698,-0.1609293818473816
joint1,1.84,-0.14452610909938812,-0.15276633203029633
joint1,1.85,-0.13619714975357056,-0.14445237815380096
joint1,1.86,-0.12773378193378448,-0.13599565625190735
joint1,1.87,-0.11914436519145966,-0.12740449607372284
joint1,1.88,-0.11043736338615417,-0.11868733912706375
joint1,1.89,-0.10162137448787689,-0.10985282808542252
joint1,1.9,-0.09270510077476501,-0.10090971738100052
joint1,1.91,-0.08369733393192291,-0.0918668583035469
joint1,1.92,-0.07460696250200272,-0.08273323625326157
joint1,1.93,-0.06544297188520432,-0.07351791858673096
joint1,1.94,-0.05621439591050148,-0.06423000991344452
joint1,1.95,-0.04693033918738365,-0.05487877130508423
joint1,1.96,-0.037599969655275345,-0.045473434031009674
joint1,1.97,-0.028232494369149208,-0.03602331131696701
joint1,1.98,-0.018837155774235725,-0.02653774991631508
joint1,1.99,-0.009423227980732918,-0.01702612265944481
joint1,2.0,1.2587887919252982e-15,-0.00749781122431159
joint1,2.01,0.009423227980732918,0.002037783619016409
joint1,2.02,0.018837155774235725,0.011571263894438744
joint1,2.03,0.028232494369149208,0.02109324187040329
joint1,2.04,0.037599969655275345,0.030594341456890106
joint1,2.05,0.04693033918738365,0.04006520286202431
joint1,2.06,0.05621439591050148,0.04949650168418884
joint1,2.07,0.06544297188520432,0.05887893587350845
joint1,2.08,0.07460696250200272,0.06820328533649445
joint1,2.09,0.08369733393192291,0.07746028900146484
joint1,2.1,0.09270510077476501,0.08664087951183319
joint1,2.11,0.10162137448787689,0.09573596715927124
joint1,2.12,0.11043736338615417,0.10473660379648209
joint1,2.13,0.11914436519145966,0.11363386362791061
joint1,2.14,0.12773378193378448,0.12241895496845245
joint1,2.15,0.13619714975357056,0.13108320534229279
joint1,2.16,0.14452610909938812,0.13961803913116455
joint1,2.17,0.15271241962909698,0.14801500737667084
joint1,2.18,0.16074803471565247,0.15626589953899384
joint1,2.19,0.16862501204013824,0.16436244547367096
joint1,2.2,0.17633557319641113,0.17229673266410828
joint1,2.21,0.18387211859226227,0.18006087839603424
joint1,2.22,0.19122719764709473,0.1876472532749176
joint1,2.23,0.1983935534954071,0.19504836201667786
joint1,2.24,0.2053641378879547,0.2022569477558136
joint1,2.25,0.2121320366859436,0.2092658281326294
joint1,2.26,0.21869058907032013,0.21606813371181488
joint1,2.27,0.22503332793712616,0.2226572334766388
joint1,2.28,0.23115397989749908,0.22902652621269226
joint1,2.29,0.2370465099811554,0.23516978323459625
joint1,2.3,0.2427050918340683,0.24108090996742249
joint1,2.31,0.2481241673231125,0.24675410985946655
joint1,2.32,0.2532983720302582,0.2521837651729584
joint1,2.33,0.2582226097583771,0.2573646008968353
joint1,2.34,0.2628920078277588,0.26229140162467957
joint1,2.35,0.2673019468784332,0.26695939898490906
joint1,2.36,0.2714481055736542,0.27136388421058655
joint1,2.37,0.2753264009952545,0.2755005657672882
joint1,2.38,0.27893295884132385,0.2793653905391693
joint1,2.39,0.28226423263549805,0.2829545736312866
joint1,2.4,0.28531694412231445,0.2862645387649536
joint1,2.41,0.2880881130695343,0.28929197788238525
joint1,2.42,0.29057493805885315,0.2920338809490204
joint1,2.43,0.29277503490448,0.2944875657558441
joint1,2.44,0.2946861684322357,0.2966506779193878
joint1,2.45,0.2963064908981323,0.2985210120677948
joint1,2.46,0.29763442277908325,0.300096720457077
joint1,2.47,0.29866859316825867,0.3013763129711151
joint1,2.48,0.2994080185890198,0.3023585379123688
joint1,2.49,0.2998519539833069,0.30304232239723206
joint1,2.5,0.30000001192092896,0.3034270703792572
joint1,2.51,0.2998519539833069,0.30351245403289795
joint1,2.52,0.2994080185890198,0.3032982349395752
joint1,2.53,0.29866859316825867,0.30278488993644714
joint1,2.54,0.29763442277908325,0.3019726574420929
joint1,2.55,0.2963064908981323,0.300862580537796
joint1,2.56,0.2946861684322357,0.29945552349090576
joint1,2.57,0.29277503490448,0.2977529764175415
joint1,2.58,0.29057493805885315,0.29575663805007935
joint1,2.59,0.2880881130695343,0.2934684157371521
joint1,2.6,0.28531694412231445,0.290890634059906
joint1,2.61,0.28226423263549805,0.28802573680877686
joint1,2.62,0.27893295884132385,0.28487661480903625
joint1,2.63,0.2753264009952545,0.28144630789756775
joint1,2.64,0.2714481055736542,0.2777382433414459
joint1,2.65,0.2673019468784332,0.2737560272216797
joint1,2.66,0.2628920078277588,0.269503653049469
joint1,2.67,0.2582226097583771,0.26498523354530334
joint1,2.68,0.2532983720302582,0.2602054178714752
joint1,2.69,0.2481241673231125,0.2551688253879547
joint1,2.7,0.2427050918340683,0.24988025426864624
joint1,2.71,0.2370465099811554,0.24434514343738556
joint1,2.72,0.23115397989749908,0.23856879770755768
joint1,2.73,0.22503332793712616,0.2325570434331894
joint1,2.74,0.21869058907032013,0.22631575167179108
joint1,2.75,0.2121320366859436,0.2198510318994522
joint1,2.76,0.2053641378879547,0.21316930651664734
joint1,2.77,0.1983935534954071,0.20627720654010773
joint1,2.78,0.19122719764709473,0.199181467294693
joint1,2.79,0.18387211859226227,0.19188912212848663
joint1,2.8,0.17633557319641113,0.1844073235988617
joint1,2.81,0.16862501204013824,0.17674347758293152
joint1,2.82,0.16074803471565247,0.1689051389694214
joint1,2.83,0.15271241962909698,0.1609000861644745
joint1,2.84,0.14452610909938812,0.15273618698120117
joint1,2.85,0.13619714975357056,0.14442148804664612
joint1,2.86,0.12773378193378448,0.13596414029598236
joint1,2.87,0.11914436519145966,0.127372607588768
joint1,2.88,0.11043736338615417,0.11865536123514175
joint1,2.89,0.10162137448787689,0.10982095450162888
joint1,2.9,0.09270510077476501,0.10087813436985016
joint1,2.91,0.08369733393192291,0.09183569252490997
joint1,2.92,0.07460696250200272,0.08270258456468582
joint1,2.93,0.06544297188520432,0.073487788438797
joint1,2.94,0.05621439591050148,0.06420046836137772
joint1,2.95,0.04693033918738365,0.05484974756836891
joint1,2.96,0.037599969655275345,0.04544484615325928
joint1,2.97,0.028232494369149208,0.035995084792375565
joint1,2.98,0.018837155774235725,0.026509761810302734
joint1,2.99,0.009423227980732918,0.01699826493859291
joint1,3.0,1.8761964434865254e-14,0.007469974923878908
joint1,3.01,-0.009423227980732918,-0.0020657104905694723
joint1,3.02,-0.018837155774235725,-0.01159936748445034
joint1,3.03,-0.028232494369149208,-0.02112157829105854
joint1,3.04,-0.037599969655275345,-0.030622947961091995
joint1,3.05,-0.04693033918738365,-0.04009409248828888
joint1,3.06,-0.05621439591050148,-0.049525659531354904
joint1,3.07,-0.06544297188520432,-0.058908335864543915
joint1,3.08,-0.07460696250200272,-0.06823287159204483
joint1,3.09,-0.08369733393192291,-0.07749006897211075
joint1,3.1,-0.09270510077476501,-0.08667078614234924
joint1,3.11,-0.10162137448787689,-0.09576592594385147
joint1,3.12,-0.11043736338615417,-0.10476652532815933
joint1,3.13,-0.11914436519145966,-0.11366371065378189
joint1,3.14,-0.12773378193378448,-0.12244869768619537
joint1,3.15,-0.13619714975357056,-0.13111278414726257
joint1,3.16,-0.14452610909938812,-0.1396474838256836
joint1,3.17,-0.15271241962909698,-0.14804434776306152
joint1,3.18,-0.16074803471565247,-0.1562950760126114
joint1,3.19,-0.16862501204013824,-0.16439156234264374
joint1,3.2,-0.17633557319641113,-0.17232580482959747
joint1,3.21,-0.18387211859226227,-0.18008992075920105
joint1,3.22,-0.19122719764709473,-0.1876762956380844
joint1,3.23,-0.1983935534954071,-0.19507738947868347
joint1,3.24,-0.2053641378879547,-0.20228591561317444
joint1,3.25,-0.2121320366859436,-0.2092948704957962
joint1,3.26,-0.21869058907032013,-0.21609728038311005
joint1,3.27,-0.22503332793712616,-0.22268642485141754
joint1,3.28,-0.23115397989749908,-0.229055717587471
joint1,3.29,-0.2370465099811554,-0.23519903421401978
joint1,3.3,-0.2427050918340683,-0.2411102056503296
joint1,3.31,-0.2481241673231125,-0.24678346514701843
joint1,3.32,-0.2532983720302582,-0.25221315026283264
joint1,3.33,-0.2582226097583771,-0.2573939263820648
joint1,3.34,-0.2628920078277588,-0.26232075691223145
joint1,3.35,-0.2673019468784332,-0.26698875427246094
joint1,3.36,-0.2714481055736542,-0.2713932991027832
joint1,3.37,-0.2753264009952545,-0.2755299508571625
joint1,3.38,-0.27893295884132385,-0.2793947160243988
joint1,3.39,-0.28226423263549805,-0.28298383951187134
joint1,3.4,-0.28531694412231445,-0.28629374504089355
joint1,3.41,-0.2880881130695343,-0.28932106494903564
joint1,3.42,-0.29057493805885315,-0.2920629680156708
joint1,3.43,-0.29277503490448,-0.2945166230201721
joint1,3.44,-0.2946861684322357,-0.29667970538139343
joint1,3.45,-0.2963064908981323,-0.2985500693321228
joint1,3.46,-0.29763442277908325,-0.3001258075237274
joint1,3.47,-0.29866859316825867,-0.3014053702354431
joint1,3.48,-0.2994080185890198,-0.302387535572052
joint1,3.49,-0.2998519539833069,-0.30307134985923767
joint1,3.5,-0.30000001192092896,-0.3034560978412628
joint1,3.51,-0.2998519539833069,-0.3035413920879364
joint1,3.52,-0.2994080185890198,-0.303327351808548
joint1,3.53,-0.29866859316825867,-0.30281394720077515
joint1,3.54,-0.29763442277908325,-0.3020017445087433
joint1,3.55,-0.2963064908981323,-0.30089160799980164
joint1,3.56,-0.2946861684322357,-0.299484521150589
joint1,3.57,-0.29277503490448,-0.29778191447257996
joint1,3.58,-0.29057493805885315,-0.295785516500473
joint1,3.59,-0.2880881130695343,-0.29349735379219055
joint1,3.6,-0.28531694412231445,-0.29091957211494446
joint1,3.61,-0.28226423263549805,-0.28805461525917053
joint1,3.62,-0.27893295884132385,-0.28490546345710754
joint1,3.63,-0.2753264009952545,-0.2814752161502838
joint1,3.64,-0.2714481055736542,-0.277767151594162
joint1,3.65,-0.2673019468784332,-0.2737850546836853
joint1,3.66,-0.2628920078277588,-0.2695326805114746
joint1,3.67,-0.2582226097583771,-0.2650144398212433
joint1,3.68,-0.2532983720302582,-0.2602345943450928
joint1,3.69,-0.2481241673231125,-0.25519800186157227
joint1,3.7,-0.2427050918340683,-0.24990952014923096
joint1,3.71,-0.2370465099811554,-0.2443743646144867
joint1,3.72,-0.23115397989749908,-0.23859800398349762
joint1,3.73,-0.22503332793712616,-0.23258619010448456
joint1,3.74,-0.21869058907032013,-0.22634480893611908
joint1,3.75,-0.2121320366859436,-0.21988004446029663
joint1,3.76,-0.2053641378879547,-0.21319827437400818
joint1,3.77,-0.1983935534954071,-0.2063060700893402
joint1,3.78,-0.19122719764709473,-0.1992102712392807
joint1,3.79,-0.18387211859226227,-0.19191792607307434
joint1,3.8,-0.17633557319641113,-0.1844361275434494
joint1,3.81,-0.16862501204013824,-0.1767723113298416
joint1,3.82,-0.16074803471565247,-0.16893401741981506
joint1,3.83,-0.15271241962909698,-0.16092897951602936
joint1,3.84,-0.14452610909938812,-0.15276512503623962
joint1,3.85,-0.13619714975357056,-0.14445051550865173
joint1,3.86,-0.12773378193378448,-0.13599328696727753
joint1,3.87,-0.11914436519145966,-0.12740179896354675
joint1,3.88,-0.11043736338615417,-0.11868457496166229
joint1,3.89,-0.10162137448787689,-0.1098501905798912
joint1,3.9,-0.09270510077476501,-0.10090737789869308
joint1,3.91,-0.08369733393192291,-0.0918649435043335
joint1,3.92,-0.07460696250200272,-0.08273182064294815
joint1,3.93,-0.06544297188520432,-0.07351705431938171
joint1,3.94,-0.05621439591050148,-0.06422971934080124
joint1,3.95,-0.04693033918738365,-0.054878972470760345
joint1,3.96,-0.037599969655275345,-0.045474059879779816
joint1,3.97,-0.028232494369149208,-0.03602426499128342
joint1,3.98,-0.018837155774235725,-0.02653893642127514
joint1,3.99,-0.009423227980732918,-0.017027420923113823
joint1,4.0,-3.904917093345596e-14,-0.007499117404222488
joint2,0.0,0.0,0.00443232711404562
joint2,0.01,0.009423227980732918,0.008588667027652264
joint2,0.02,0.018837155774235725,0.01437397301197052
joint2,0.03,0.028232494369149208,0.02187354303896427
joint2,0.04,0.037599969655275345,0.031000971794128418
joint2,0.05,0.04693033918738365,0.04154813662171364
joint2,0.06,0.05621439591050148,0.05323374643921852
joint2,0.07,0.06544297188520432,0.06574548035860062
joint2,0.08,0.07460696250200272,0.07877306640148163
joint2,0.09,0.08369733393192291,0.09203138947486877
joint2,0.1,0.09270510077476501,0.10527459532022476
joint2,0.11,0.10162137448787689,0.1183023527264595
joint2,0.12,0.11043736338615417,0.13096052408218384
joint2,0.13,0.11914436519145966,0.14313797652721405
joint2,0.14,0.12773378193378448,0.15476098656654358
joint2,0.15,0.13619714975357056,0.16578702628612518
joint2,0.16,0.14452610909938812,0.1761985421180725
joint2,0.17,0.15271241962909698,0.18599699437618256
joint2,0.18,0.16074803471565247,0.19519822299480438
joint2,0.19,0.16862501204013824,0.20382846891880035
joint2,0.2,0.17633557319641113,0.21192115545272827
joint2,0.21,0.18387211859226227,0.21951474249362946
joint2,0.22,0.19122719764709473,0.22665096819400787
joint2,0.23,0.1983935534954071,0.23337329924106598
joint2,0.24,0.2053641378879547,0.23972629010677338
joint2,0.25,0.2121320366859436,0.24575422704219818
joint2,0.26,0.21869058907032013,0.2515004873275757
joint2,0.27,0.22503332793712616,0.25700682401657104
joint2,0.28,0.23115397989749908,0.2623123526573181
joint2,0.29,0.2370465099811554,0.2674526870250702
joint2,0.3,0.2427050918340683,0.27245932817459106
joint2,0.31,0.2481241673231125,0.277358740568161
joint2,0.32,0.2532983720302582,0.28217175602912903
joint2,0.33,0.2582226097583771,0.28691285848617554
joint2,0.34,0.2628920078277588,0.29159003496170044
joint2,0.35,0.2673019468784332,0.29620474576950073
joint2,0.36,0.2714481055736542,0.30075153708457947
joint2,0.37,0.2753264009952545,0.305218905210495
joint2,0.38,0.27893295884132385,0.30958986282348633
joint2,0.39,0.28226423263549805,0.3138422667980194
joint2,0.4,0.28531694412231445,0.31795018911361694
joint2,0.41,0.2880881130695343,0.32188501954078674
joint2,0.42,0.29057493805885315,0.3256165385246277
joint2,0.43,0.29277503490448,0.32911378145217896
joint2,0.44,0.2946861684322357,0.3323466181755066
joint2,0.45,0.2963064908981323,0.33528652787208557
joint2,0.46,0.29763442277908325,0.33790743350982666
joint2,0.47,0.29866859316825867,0.34018653631210327
joint2,0.48,0.2994080185890198,0.34210482239723206
joint2,0.49,0.2998519539833069,0.3436472415924072
joint2,0.5,0.30000001192092896,0.344803124666214
joint2,0.51,0.2998519539833069,0.34556594491004944
joint2,0.52,0.2994080185890198,0.345933198928833
joint2,0.53,0.29866859316825867,0.34590625762939453
joint2,0.54,0.29763442277908325,0.3454897701740265
joint2,0.55,0.2963064908981323,0.34469127655029297
joint2,0.56,0.2946861684322357,0.3435208797454834
joint2,0.57,0.29277503490448,0.34199053049087524
joint2,0.58,0.29057493805885315,0.34011349081993103
joint2,0.59,0.2880881130695343,0.3379039764404297
joint2,0.6,0.28531694412231445,0.33537647128105164
joint2,0.61,0.28226423263549805,0.33254551887512207
joint2,0.62,0.27893295884132385,0.32942530512809753
joint2,0.63,0.2753264009952545,0.32602930068969727
joint2,0.64,0.2714481055736542,0.3223699927330017
joint2,0.65,0.2673019468784332,0.3184586465358734
joint2,0.66,0.2628920078277588,0.3143051564693451
joint2,0.67,0.2582226097583771,0.3099181652069092
joint2,0.68,0.2532983720302582,0.30530479550361633
joint2,0.69,0.2481241673231125,0.3004707396030426
joint2,0.7,0.2427050918340683,0.29542025923728943
joint2,0.71,0.2370465099811554,0.29015660285949707
joint2,0.72,0.23115397989749908,0.2846818268299103
joint2,0.73,0.22503332793712616,0.2789972722530365
joint2,0.74,0.21869058907032013,0.2731034755706787
joint2,0.75,0.2121320366859436,0.2670007646083832
joint2,0.76,0.2053641378879547,0.2606891989707947
joint2,0.77,0.1983935534954071,0.25416895747184753
joint2,0.78,0.19122719764709473,0.24744035303592682
joint2,0.79,0.18387211859226227,0.24050432443618774
joint2,0.8,0.17633557319641113,0.23336248099803925
joint2,0.81,0.16862501204013824,0.22601711750030518
joint2,0.82,0.16074803471565247,0.218471497297287
joint2,0.83,0.15271241962909698,0.21072982251644135
joint2,0.84,0.14452610909938812,0.20279718935489655
joint2,0.85,0.13619714975357056,0.194679856300354
joint2,0.86,0.12773378193378448,0.18638497591018677
joint2,0.87,0.11914436519145966,0.1779206097126007
joint2,0.88,0.11043736338615417,0.16929572820663452
joint2,0.89,0.10162137448787689,0.16052010655403137
joint2,0.9,0.09270510077476501,0.15160413086414337
joint2,0.91,0.08369733393192291,0.14255863428115845
joint2,0.92,0.07460696250200272,0.13339495658874512
joint2,0.93,0.06544297188520432,0.12412475794553757
joint2,0.94,0.05621439591050148,0.11475992947816849
joint2,0.95,0.04693033918738365,0.10531220585107803
joint2,0.96,0.037599969655275345,0.09579360485076904
joint2,0.97,0.028232494369149208,0.08621573448181152
joint2,0.98,0.018837155774235725,0.07659019529819489
joint2,0.99,0.009423227980732918,0.06692836433649063
joint2,1.0,-6.293943959626491e-16,0.05724112316966057
joint2,1.01,-0.009423227980732918,0.0475391261279583
joint2,1.02,-0.018837155774235725,0.03783275559544563
joint2,1.03,-0.028232494369149208,0.028131872415542603
joint2,1.04,-0.037599969655275345,0.01844608783721924
joint2,1.05,-0.04693033918738365,0.008784659206867218
joint2,1.06,-0.05621439591050148,-0.0008434765040874481
joint2,1.07,-0.06544297188520432,-0.010429642163217068
joint2,1.08,-0.07460696250200272,-0.0199653971940279
joint2,1.09,-0.08369733393192291,-0.029442472383379936
joint2,1.1,-0.09270510077476501,-0.038852762430906296
joint2,1.11,-0.10162137448787689,-0.04818826541304588
joint2,1.12,-0.11043736338615417,-0.05744101479649544
joint2,1.13,-0.11914436519145966,-0.06660307198762894
joint2,1.14,-0.12773378193378448,-0.07566652446985245
joint2,1.15,-0.13619714975357056,-0.08462341129779816
joint2,1.16,-0.14452610909938812,-0.09346569329500198
joint2,1.17,-0.15271241962909698,-0.10218530148267746
joint2,1.18,-0.16074803471565247,-0.11077411472797394
joint2,1.19,-0.16862501204013824,-0.119223952293396
joint2,1.2,-0.17633557319641113,-0.12752652168273926
joint2,1.21,-0.18387211859226227,-0.13567356765270233
joint2,1.22,-0.19122719764709473,-0.14365679025650024
joint2,1.23,-0.1983935534954071,-0.15146799385547638
joint2,1.24,-0.2053641378879547,-0.15909893810749054
joint2,1.25,-0.2121320366859436,-0.16654139757156372
joint2,1.26,-0.21869058907032013,-0.17378735542297363
joint2,1.27,-0.22503332793712616,-0.18082889914512634
joint2,1.28,-0.23115397989749908,-0.1876583844423294
joint2,1.29,-0.2370465099811554,-0.19426824152469635
joint2,1.3,-0.2427050918340683,-0.2006511688232422
joint2,1.31,-0.2481241673231125,-0.206800177693367
joint2,1.32,-0.2532983720302582,-0.2127084732055664
joint2,1.33,-0.2582226097583771,-0.21836967766284943
joint2,1.34,-0.2628920078277588,-0.2237776219844818
joint2,1.35,-0.2673019468784332,-0.22892653942108154
joint2,1.36,-0.2714481055736542,-0.23381109535694122
joint2,1.37,-0.2753264009952545,-0.2384260892868042
joint2,1.38,-0.27893295884132385,-0.2427668571472168
joint2,1.39,-0.28226423263549805,-0.24682891368865967
joint2,1.4,-0.28531694412231445,-0.25060832500457764
joint2,1.41,-0.2880881130695343,-0.2541012763977051
joint2,1.42,-0.29057493805885315,-0.2573045790195465
joint2,1.43,-0.29277503490448,-0.260215163230896
joint2,1.44,-0.2946861684322357,-0.26283031702041626
joint2,1.45,-0.2963064908981323,-0.2651476562023163
joint2,1.46,-0.29763442277908325,-0.26716506481170654
joint2,1.47,-0.29866859316825867,-0.26888057589530945
joint2,1.48,-0.2994080185890198,-0.2702929377555847
joint2,1.49,-0.2998519539833069,-0.27140089869499207
joint2,1.5,-0.30000001192092896,-0.27220335602760315
joint2,1.51,-0.2998519539833069,-0.272699773311615
joint2,1.52,-0.2994080185890198,-0.2728898823261261
joint2,1.53,-0.29866859316825867,-0.27277323603630066
joint2,1.54,-0.29763442277908325,-0.27235016226768494
joint2,1.55,-0.2963064908981323,-0.27162107825279236
joint2,1.56,-0.2946861684322357,-0.27058660984039307
joint2,1.57,-0.29277503490448,-0.2692479193210602
joint2,1.58,-0.29057493805885315,-0.26760604977607727
joint2,1.59,-0.2880881130695343,-0.26566264033317566
joint2,1.6,-0.28531694412231445,-0.2634194791316986
joint2,1.61,-0.28226423263549805,-0.26087862253189087
joint2,1.62,-0.27893295884132385,-0.2580425441265106
joint2,1.63,-0.2753264009952545,-0.25491398572921753
joint2,1.64,-0.2714481055736542,-0.2514958679676056
joint2,1.65,-0.2673019468784332,-0.24779163300991058
joint2,1.66,-0.2628920078277588,-0.24380481243133545
joint2,1.67,-0.2582226097583771,-0.23953929543495178
joint2,1.68,-0.2532983720302582,-0.23499931395053864
joint2,1.69,-0.2481241673231125,-0.23018938302993774
joint2,1.7,-0.2427050918340683,-0.22511433064937592
joint2,1.71,-0.2370465099811554,-0.21977920830249786
joint2,1.72,-0.23115397989749908,-0.21418941020965576
joint2,1.73,-0.22503332793712616,-0.20835061371326447
joint2,1.74,-0.21869058907032013,-0.20226870477199554
joint2,1.75,-0.2121320366859436,-0.19594977796077728
joint2,1.76,-0.2053641378879547,-0.18940038979053497
joint2,1.77,-0.1983935534954071,-0.1826271116733551
joint2,1.78,-0.19122719764709473,-0.175636887550354
joint2,1.79,-0.18387211859226227,-0.16843684017658234
joint2,1.8,-0.17633557319641113,-0.16103427112102509
joint2,1.81,-0.16862501204013824,-0.15343670547008514
joint2,1.82,-0.16074803471565247,-0.1456519067287445
joint2,1.83,-0.15271241962909698,-0.13768774271011353
joint2,1.84,-0.14452610909938812,-0.12955233454704285
joint2,1.85,-0.13619714975357056,-0.12125382572412491
joint2,1.86,-0.12773378193378448,-0.11280068755149841
joint2,1.87,-0.11914436519145966,-0.10420145094394684
joint2,1.88,-0.11043736338615417,-0.09546469151973724
joint2,1.89,-0.10162137448787689,-0.08659924566745758
joint2,1.9,-0.09270510077476501,-0.07761401683092117
joint2,1.91,-0.08369733393192291,-0.06851799786090851
joint2,1.92,-0.07460696250200272,-0.05932032689452171
joint2,1.93,-0.06544297188520432,-0.0500301867723465
joint2,1.94,-0.05621439591050148,-0.040656860917806625
joint2,1.95,-0.04693033918738365,-0.031209642067551613
joint2,1.96,-0.037599969655275345,-0.02169797010719776
joint2,1.97,-0.028232494369149208,-0.01213129237294197
joint2,1.98,-0.018837155774235725,-0.002519130241125822
joint2,1.99,-0.009423227980732918,0.0071289860643446445
joint2,2.0,1.2587887919252982e-15,0.016803432255983353
joint2,2.01,0.009423227980732918,0.026494646444916725
joint2,2.02,0.018837155774235725,0.03619301691651344
joint2,2.03,0.028232494369149208,0.04588892683386803
joint2,2.04,0.037599969655275345,0.05557282641530037
joint2,2.05,0.04693033918738365,0.06523512303829193
joint2,2.06,0.05621439591050148,0.07486625760793686
joint2,2.07,0.06544297188520432,0.08445668965578079
joint2,2.08,0.07460696250200272,0.09399695694446564
joint2,2.09,0.08369733393192291,0.10347766429185867
joint2,2.1,0.09270510077476501,0.11288949102163315
joint2,2.11,0.10162137448787689,0.12222317606210709
joint2,2.12,0.11043736338615417,0.1314694881439209
joint2,2.13,0.11914436519145966,0.1406194120645523
joint2,2.14,0.12773378193378448,0.14966386556625366
joint2,2.15,0.13619714975357056,0.15859413146972656
joint2,2.16,0.14452610909938812,0.16740140318870544
joint2,2.17,0.15271241962909698,0.17607709765434265
joint2,2.18,0.16074803471565247,0.18461275100708008
joint2,2.19,0.16862501204013824,0.19300003349781036
joint2,2.2,0.17633557319641113,0.2012307345867157
joint2,2.21,0.18387211859226227,0.20929694175720215
joint2,2.22,0.19122719764709473,0.21719078719615936
joint2,2.23,0.1983935534954071,0.22490456700325012
joint2,2.24,0.2053641378879547,0.23243089020252228
joint2,2.25,0.2121320366859436,0.23976242542266846
joint2,2.26,0.21869058907032013,0.24689213931560516
joint2,2.27,0.22503332793712616,0.253813236951828
joint2,2.28,0.23115397989749908,0.2605189085006714
joint2,2.29,0.2370465099811554,0.26700276136398315
joint2,2.3,0.2427050918340683,0.27325868606567383
joint2,2.31,0.2481241673231125,0.27928048372268677
joint2,2.32,0.2532983720302582,0.2850632667541504
joint2,2.33,0.2582226097583771,0.29060041904449463
joint2,2.34,0.2628920078277588,0.2958865761756897
joint2,2.35,0.2673019468784332,0.3009168803691864
joint2,2.36,0.2714481055736542,0.3056865632534027
joint2,2.37,0.2753264009952545,0.3101913034915924
joint2,2.38,0.27893295884132385,0.3144267201423645
joint2,2.39,0.28226423263549805,0.318388968706131
joint2,2.4,0.28531694412231445,0.3220742642879486
joint2,2.41,0.2880881130695343,0.32547909021377563
joint2,2.42,0.29057493805885315,0.32860034704208374
joint2,2.43,0.29277503490448,0.3314349949359894
joint2,2.44,0.2946861684322357,0.3339802920818329
joint2,2.45,0.2963064908981323,0.3362339437007904
joint2,2.46,0.29763442277908325,0.3381936848163605
joint2,2.47,0.29866859316825867,0.3398575782775879
joint2,2.48,0.2994080185890198,0.34122419357299805
joint2,2.49,0.2998519539833069,0.34229210019111633
joint2,2.5,0.30000001192092896,0.3430604934692383
joint2,2.51,0.2998519539833069,0.3435286283493042
joint2,2.52,0.2994080185890198,0.34369608759880066
joint2,2.53,0.29866859316825867,0.34356269240379333
joint2,2.54,0.29763442277908325,0.34312862157821655
joint2,2.55,0.2963064908981323,0.34239429235458374
joint2,2.56,0.2946861684322357,0.341360479593277
joint2,2.57,0.29277503490448,0.34002816677093506
joint2,2.58,0.29057493805885315,0.33839863538742065
joint2,2.59,0.2880881130695343,0.3364734649658203
joint2,2.6,0.28531694412231445,0.334254652261734
joint2,2.61,0.28226423263549805,0.3317442834377289
joint2,2.62,0.27893295884132385,0.32894477248191833
joint2,2.63,0.2753264009952545,0.32585886120796204
joint2,2.64,0.2714481055736542,0.32248958945274353
joint2,2.65,0.2673019468784332,0.31883999705314636
joint2,2.66,0.2628920078277588,0.31491366028785706
joint2,2.67,0.2582226097583771,0.3107144236564636
joint2,2.68,0.2532983720302582,0.306246280670166
joint2,2.69,0.2481241673231125,0.30151352286338806
joint2,2.7,0.2427050918340683,0.29652079939842224
joint2,2.71,0.2370465099811554,0.2912728488445282
joint2,2.72,0.23115397989749908,0.2857746183872223
joint2,2.73,0.22503332793712616,0.2800314426422119
joint2,2.74,0.21869058907032013,0.27404892444610596
joint2,2.75,0.2121320366859436,0.2678327262401581
joint2,2.76,0.2053641378879547,0.2613888680934906
joint2,2.77,0.1983935534954071,0.25472357869148254
joint2,2.78,0.19122719764709473,0.2478432059288025
joint2,2.79,0.18387211859226227,0.24075445532798767
joint2,2.8,0.17633557319641113,0.2334640622138977
joint2,2.81,0.16862501204013824,0.22597907483577728
joint2,2.82,0.16074803471565247,0.218306764960289
joint2,2.83,0.15271241962909698,0.21045447885990143
joint2,2.84,0.14452610909938812,0.2024298757314682
joint2,2.85,0.13619714975357056,0.19424061477184296
joint2,2.86,0.12773378193378448,0.1858946830034256
joint2,2.87,0.11914436519145966,0.1774001568555832
joint2,2.88,0.11043736338615417,0.16876524686813354
joint2,2.89,0.10162137448787689,0.1599983274936676
joint2,2.9,0.09270510077476501,0.15110786259174347
joint2,2.91,0.08369733393192291,0.14210256934165955
joint2,2.92,0.07460696250200272,0.13299113512039185
joint2,2.93,0.06544297188520432,0.12378246337175369
joint2,2.94,0.05621439591050148,0.1144854873418808
joint2,2.95,0.04693033918738365,0.10510934144258499
joint2,2.96,0.037599969655275345,0.09566313773393631
joint2,2.97,0.028232494369149208,0.08615611493587494
joint2,2.98,0.018837155774235725,0.07659757882356644
joint2,2.99,0.009423227980732918,0.06699685752391815
joint2,3.0,1.8761964434865254e-14,0.05736337974667549
joint2,3.01,-0.009423227980732918,0.047706589102745056
joint2,3.02,-0.018837155774235725,0.038036003708839417
joint2,3.03,-0.028232494369149208,0.028361087664961815
joint2,3.04,-0.037599969655275345,0.01869139075279236
joint2,3.05,-0.04693033918738365,0.009036431089043617
joint2,3.06,-0.05621439591050148,-0.0005942576099187136
joint2,3.07,-0.06544297188520432,-0.010191160254180431
joint2,3.08,-0.07460696250200272,-0.019744792953133583
joint2,3.09,-0.08369733393192291,-0.029245683923363686
joint2,3.1,-0.09270510077476501,-0.03868446871638298
joint2,3.11,-0.10162137448787689,-0.04805176705121994
joint2,3.12,-0.11043736338615417,-0.057338275015354156
joint2,3.13,-0.11914436519145966,-0.06653477996587753
joint2,3.14,-0.12773378193378448,-0.07563207298517227
joint2,3.15,-0.13619714975357056,-0.0846211388707161
joint2,3.16,-0.14452610909938812,-0.0934930071234703
joint2,3.17,-0.15271241962909698,-0.10223884135484695
joint2,3.18,-0.16074803471565247,-0.11084986478090286
joint2,3.19,-0.16862501204013824,-0.11931750923395157
joint2,3.2,-0.17633557319641113,-0.1276332437992096
joint2,3.21,-0.18387211859226227,-0.13578876852989197
joint2,3.22,-0.19122719764709473,-0.14377591013908386
joint2,3.23,-0.1983935534954071,-0.15158672630786896
joint2,3.24,-0.2053641378879547,-0.15921325981616974
joint2,3.25,-0.2121320366859436,-0.166647806763649
joint2,3.26,-0.21869058907032013,-0.17388299107551575
joint2,3.27,-0.22503332793712616,-0.18091145157814026
joint2,3.28,-0.23115397989749908,-0.18772614002227783
joint2,3.29,-0.2370465099811554,-0.19432014226913452
joint2,3.3,-0.2427050918340683,-0.2006867676973343
joint2,3.31,-0.2481241673231125,-0.20681966841220856
joint2,3.32,-0.2532983720302582,-0.21271251142024994
joint2,3.33,-0.2582226097583771,-0.21835942566394806
joint2,3.34,-0.2628920078277588,-0.2237546443939209
joint2,3.35,-0.2673019468784332,-0.22889269888401031
joint2,3.36,-0.2714481055736542,-0.23376835882663727
joint2,3.37,-0.2753264009952545,-0.23837663233280182
joint2,3.38,-0.27893295884132385,-0.24271291494369507
joint2,3.39,-0.28226423263549805,-0.24677273631095886
joint2,3.4,-0.28531694412231445,-0.2505520284175873
joint2,3.41,-0.2880881130695343,-0.25404682755470276
joint2,3.42,-0.29057493805885315,-0.2572535276412964
joint2,3.43,-0.29277503490448,-0.26016896963119507
joint2,3.44,-0.2946861684322357,-0.26279008388519287
joint2,3.45,-0.2963064908981323,-0.2651142477989197
joint2,3.46,-0.29763442277908325,-0.2671389877796173
joint2,3.47,-0.29866859316825867,-0.26886215806007385
joint2,3.48,-0.2994080185890198,-0.27028214931488037
joint2,3.49,-0.2998519539833069,-0.2713973820209503
joint2,3.5,-0.30000001192092896,-0.2722068130970001
joint2,3.51,-0.2998519539833069,-0.2727093994617462
joint2,3.52,-0.2994080185890198,-0.2729046642780304
joint2,3.53,-0.29866859316825867,-0.2727924585342407
joint2,3.54,-0.29763442277908325,-0.2723727524280548
joint2,3.55,-0.2963064908981323,-0.27164608240127563
joint2,3.56,-0.2946861684322357,-0.2706129848957062
joint2,3.57,-0.29277503490448,-0.26927450299263
joint2,3.58,-0.29057493805885315,-0.26763200759887695
joint2,3.59,-0.2880881130695343,-0.26568710803985596
joint2,3.6,-0.28531694412231445,-0.26344168186187744
joint2,3.61,-0.28226423263549805,-0.2608981132507324
joint2,3.62,-0.27893295884132385,-0.25805890560150146
joint2,3.63,-0.2753264009952545,-0.2549268901348114
joint2,3.64,-0.2714481055736542,-0.2515052556991577
joint2,3.65,-0.2673019468784332,-0.24779732525348663
joint2,3.66,-0.2628920078277588,-0.24380692839622498
joint2,3.67,-0.2582226097583771,-0.2395380437374115
joint2,3.68,-0.2532983720302582,-0.23499511182308197
joint2,3.69,-0.2481241673231125,-0.23018260300159454
joint2,3.7,-0.2427050918340683,-0.22510546445846558
joint2,3.71,-0.2370465099811554,-0.2197687178850174
joint2,3.72,-0.23115397989749908,-0.21417774260044098
joint2,3.73,-0.22503332793712616,-0.20833829045295715
joint2,3.74,-0.21869058907032013,-0.20225617289543152
joint2,3.75,-0.2121320366859436,-0.19593754410743713
joint2,3.76,-0.2053641378879547,-0.18938878178596497
joint2,3.77,-0.1983935534954071,-0.18261657655239105
joint2,3.78,-0.19122719764709473,-0.17562760412693024
joint2,3.79,-0.18387211859226227,-0.16842904686927795
joint2,3.8,-0.17633557319641113,-0.16102802753448486
joint2,3.81,-0.16862501204013824,-0.15343211591243744
joint2,3.82,-0.16074803471565247,-0.1456490159034729
joint2,3.83,-0.15271241962909698,-0.13768653571605682
joint2,3.84,-0.14452610909938812,-0.12955261766910553
joint2,3.85,-0.13619714975357056,-0.1212555393576622
joint2,3.86,-0.12773378193378448,-0.11280360817909241
joint2,3.87,-0.11914436519145966,-0.10420535504817963
joint2,3.88,-0.11043736338615417,-0.0954694151878357
joint2,3.89,-0.10162137448787689,-0.08660455048084259
joint2,3.9,-0.09270510077476501,-0.07761968672275543
joint2,3.91,-0.08369733393192291,-0.06852379441261292
joint2,3.92,-0.07460696250200272,-0.059326041489839554
joint2,3.93,-0.06544297188520432,-0.050035636872053146
joint2,3.94,-0.05621439591050148,-0.04066186398267746
joint2,3.95,-0.04693033918738365,-0.031214093789458275
joint2,3.96,-0.037599969655275345,-0.021701760590076447
joint2,3.97,-0.028232494369149208,-0.012134362012147903
joint2,3.98,-0.018837155774235725,-0.0025214417837560177
joint2,3.99,-0.009423227980732918,0.007127453573048115
joint2,4.0,-3.904917093345596e-14,0.016802653670310974
joint3,0.0,-0.5,-0.4980049729347229
joint3,0.01,-0.49057677388191223,-0.4955603778362274
joint3,0.02,-0.4811628460884094,-0.49146321415901184
joint3,0.03,-0.47176751494407654,-0.48549214005470276
joint3,0.04,-0.46240001916885376,-0.4776640832424164
joint3,0.05,-0.45306965708732605,-0.4681684672832489
joint3,0.06,-0.4437856078147888,-0.45730143785476685
joint3,0.07,-0.4345570206642151,-0.44540852308273315
joint3,0.08,-0.4253930449485779,-0.43283960223197937
joint3,0.09,-0.4163026809692383,-0.41991838812828064
joint3,0.1,-0.407294899225235,-0.40692412853240967
joint3,0.11,-0.3983786106109619,-0.39408430457115173
joint3,0.12,-0.3895626366138458,-0.38157474994659424
joint3,0.13,-0.38085561990737915,-0.3695247769355774
joint3,0.14,-0.3722662329673767,-0.35802412033081055
joint3,0.15,-0.36380285024642944,-0.34713080525398254
joint3,0.16,-0.3554738759994507,-0.33687764406204224
joint3,0.17,-0.3472875952720642,-0.32727813720703125
joint3,0.18,-0.33925196528434753,-0.31832975149154663
joint3,0.19,-0.33137500286102295,-0.3100169003009796
joint3,0.2,-0.32366442680358887,-0.3023121654987335
joint3,0.21,-0.3161278963088989,-0.2951776087284088
joint3,0.22,-0.3087728023529053,-0.2885656952857971
joint3,0.23,-0.3016064465045929,-0.2824211120605469
joint3,0.24,-0.2946358621120453,-0.2766820788383484
joint3,0.25,-0.2878679633140564,-0.2712830603122711
joint3,0.26,-0.28130942583084106,-0.2661571800708771
joint3,0.27,-0.27496665716171265,-0.26123908162117004
joint3,0.28,-0.2688460350036621,-0.2564687132835388
joint3,0.29,-0.2629534900188446,-0.2517910599708557
joint3,0.3,-0.2572948932647705,-0.24716198444366455
joint3,0.31,-0.2518758177757263,-0.24254819750785828
joint3,0.32,-0.24670162796974182,-0.2379259616136551
joint3,0.33,-0.24177739024162292,-0.23328445851802826
joint3,0.34,-0.2371079921722412,-0.22862449288368225
joint3,0.35,-0.23269805312156677,-0.22395752370357513
joint3,0.36,-0.22855189442634583,-0.21930444240570068
joint3,0.37,-0.22467359900474548,-0.21469412744045258
joint3,0.38,-0.22106704115867615,-0.21016167104244232
joint3,0.39,-0.21773576736450195,-0.20574624836444855
joint3,0.4,-0.21468305587768555,-0.20148980617523193
joint3,0.41,-0.2119118869304657,-0.1974349170923233
joint3,0.42,-0.20942506194114685,-0.19362322986125946
joint3,0.43,-0.20722496509552002,-0.190093994140625
joint3,0.44,-0.20531383156776428,-0.18688276410102844
joint3,0.45,-0.20369350910186768,-0.18402037024497986
joint3,0.46,-0.20236557722091675,-0.18153201043605804
joint3,0.47,-0.20133140683174133,-0.17943698167800903
joint3,0.48,-0.20059198141098022,-0.17774826288223267
joint3,0.49,-0.20014804601669312,-0.1764724999666214
joint3,0.5,-0.19999998807907104,-0.17561040818691254
joint3,0.51,-0.20014804601669312,-0.17515715956687927
joint3,0.52,-0.20059198141098022,-0.17510315775871277
joint3,0.53,-0.20133140683174133,-0.17543473839759827
joint3,0.54,-0.20236557722091675,-0.17613540589809418
joint3,0.55,-0.20369350910186768,-0.1771862655878067
joint3,0.56,-0.20531383156776428,-0.1785675585269928
joint3,0.57,-0.20722496509552002,-0.18025913834571838
joint3,0.58,-0.20942506194114685,-0.18224163353443146
joint3,0.59,-0.2119118869304657,-0.18449686467647552
joint3,0.6,-0.21468305587768555,-0.1870087832212448
joint3,0.61,-0.21773576736450195,-0.1897634118795395
joint3,0.62,-0.22106704115867615,-0.192749485373497
joint3,0.63,-0.22467359900474548,-0.19595830142498016
joint3,0.64,-0.22855189442634583,-0.19938379526138306
joint3,0.65,-0.23269805312156677,-0.20302227139472961
joint3,0.66,-0.2371079921722412,-0.2068721503019333
joint3,0.67,-0.24177739024162292,-0.21093370020389557
joint3,0.68,-0.24670162796974182,-0.21520881354808807
joint3,0.69,-0.2518758177757263,-0.2197001427412033
joint3,0.7,-0.2572948932647705,-0.22441110014915466
joint3,0.71,-0.2629534900188446,-0.22934500873088837
joint3,0.72,-0.2688460350036621,-0.2345053255558014
joint3,0.73,-0.27496665716171265,-0.23989474773406982
joint3,0.74,-0.28130942583084106,-0.24551506340503693
joint3,0.75,-0.2878679633140564,-0.2513672709465027
joint3,0.76,-0.2946358621120453,-0.2574509084224701
joint3,0.77,-0.3016064465045929,-0.26376423239707947
joint3,0.78,-0.3087728023529053,-0.2703041434288025
joint3,0.79,-0.3161278963088989,-0.27706608176231384
joint3,0.8,-0.32366442680358887,-0.2840442955493927
joint3,0.81,-0.33137500286102295,-0.29123178124427795
joint3,0.82,-0.33925196528434753,-0.29862019419670105
joint3,0.83,-0.3472875952720642,-0.30620062351226807
joint3,0.84,-0.3554738759994507,-0.31396305561065674
joint3,0.85,-0.36380285024642944,-0.32189714908599854
joint3,0.86,-0.3722662329673767,-0.32999178767204285
joint3,0.87,-0.38085561990737915,-0.33823615312576294
joint3,0.88,-0.3895626366138458,-0.34661874175071716
joint3,0.89,-0.3983786106109619,-0.35512837767601013
joint3,0.9,-0.407294899225235,-0.36375391483306885
joint3,0.91,-0.4163026809692383,-0.372484415769577
joint3,0.92,-0.4253930449485779,-0.3813094198703766
joint3,0.93,-0.4345570206642151,-0.3902185559272766
joint3,0.94,-0.4437856078147888,-0.3992020785808563
joint3,0.95,-0.45306965708732605,-0.4082503020763397
joint3,0.96,-0.46240001916885376,-0.41735419631004333
joint3,0.97,-0.47176751494407654,-0.42650488018989563
joint3,0.98,-0.4811628460884094,-0.43569380044937134
joint3,0.99,-0.49057677388191223,-0.44491252303123474
joint3,1.0,-0.5,-0.4541529417037964
joint3,1.01,-0.5094232559204102,-0.4634071886539459
joint3,1.02,-0.5188371539115906,-0.47266721725463867
joint3,1.03,-0.5282325148582458,-0.4819251596927643
joint3,1.04,-0.5375999808311462,-0.4911731481552124
joint3,1.05,-0.5469303131103516,-0.5004032850265503
joint3,1.06,-0.5562143921852112,-0.5096074342727661
joint3,1.07,-0.5654429793357849,-0.5187774300575256
joint3,1.08,-0.5746069550514221,-0.5279053449630737
joint3,1.09,-0.5836973190307617,-0.5369828939437866
joint3,1.1,-0.5927051305770874,-0.5460015535354614
joint3,1.11,-0.6016213893890381,-0.5549529194831848
joint3,1.12,-0.6104373931884766,-0.5638284683227539
joint3,1.13,-0.6191443800926208,-0.5726193189620972
joint3,1.14,-0.6277337670326233,-0.5813170075416565
joint3,1.15,-0.6361971497535706,-0.5899128913879395
joint3,1.16,-0.6445261240005493,-0.5983980894088745
joint3,1.17,-0.6527124047279358,-0.6067640781402588
joint3,1.18,-0.6607480049133301,-0.6150020360946655
joint3,1.19,-0.668624997138977,-0.6231032013893127
joint3,1.2,-0.6763355731964111,-0.6310594081878662
joint3,1.21,-0.6838721036911011,-0.6388623118400574
joint3,1.22,-0.6912271976470947,-0.6465035080909729
joint3,1.23,-0.6983935832977295,-0.653975248336792
joint3,1.24,-0.7053641080856323,-0.6612697243690491
joint3,1.25,-0.7121320366859436,-0.6683791875839233
joint3,1.26,-0.7186905741691589,-0.6752963662147522
joint3,1.27,-0.7250333428382874,-0.6820139288902283
joint3,1.28,-0.7311539649963379,-0.6885247230529785
joint3,1.29,-0.737046480178833,-0.6948222517967224
joint3,1.3,-0.7427051067352295,-0.700900137424469
joint3,1.31,-0.7481241822242737,-0.7067520022392273
joint3,1.32,-0.7532984018325806,-0.7123720645904541
joint3,1.33,-0.7582225799560547,-0.7177543640136719
joint3,1.34,-0.7628920078277588,-0.7228938341140747
joint3,1.35,-0.7673019170761108,-0.727785050868988
joint3,1.36,-0.7714481353759766,-0.7324236035346985
joint3,1.37,-0.7753263711929321,-0.7368043661117554
joint3,1.38,-0.7789329290390015,-0.740923285484314
joint3,1.39,-0.782264232635498,-0.7447763085365295
joint3,1.4,-0.7853169441223145,-0.7483595609664917
joint3,1.41,-0.7880880832672119,-0.7516694068908691
joint3,1.42,-0.7905749082565308,-0.7547027468681335
joint3,1.43,-0.79277503490448,-0.7574568390846252
joint3,1.44,-0.7946861982345581,-0.7599285244941711
joint3,1.45,-0.7963064908981323,-0.7621151804924011
joint3,1.46,-0.7976344227790833,-0.764015257358551
joint3,1.47,-0.798668622970581,-0.7656267881393433
joint3,1.48,-0.7994080185890198,-0.7669476270675659
joint3,1.49,-0.7998519539833069,-0.7679769992828369
joint3,1.5,-0.800000011920929,-0.7687134146690369
joint3,1.51,-0.7998519539833069,-0.7691562175750732
joint3,1.52,-0.7994080185890198,-0.7693049311637878
joint3,1.53,-0.798668622970581,-0.7691594958305359
joint3,1.54,-0.7976344227790833,-0.7687199711799622
joint3,1.55,-0.7963064908981323,-0.7679866552352905
joint3,1.56,-0.7946861982345581,-0.7669600248336792
joint3,1.57,-0.79277503490448,-0.7656409740447998
joint3,1.58,-0.7905749082565308,-0.7640311121940613
joint3,1.59,-0.7880880832672119,-0.7621321678161621
joint3,1.6,-0.7853169441223145,-0.7599453330039978
joint3,1.61,-0.782264232635498,-0.7574729919433594
joint3,1.62,-0.7789329290390015,-0.7547180652618408
joint3,1.63,-0.7753263711929321,-0.7516825199127197
joint3,1.64,-0.7714481353759766,-0.7483697533607483
joint3,1.65,-0.7673019170761108,-0.7447828650474548
joint3,1.66,-0.7628920078277588,-0.7409255504608154
joint3,1.67,-0.7582225799560547,-0.7368017435073853
joint3,1.68,-0.7532984018325806,-0.7324153780937195
joint3,1.69,-0.7481241822242737,-0.7277711033821106
joint3,1.7,-0.7427051067352295,-0.7228736281394958
joint3,1.71,-0.737046480178833,-0.7177280783653259
joint3,1.72,-0.7311539649963379,-0.7123392820358276
joint3,1.73,-0.7250333428382874,-0.706713080406189
joint3,1.74,-0.7186905741691589,-0.7008547186851501
joint3,1.75,-0.7121320366859436,-0.6947706341743469
joint3,1.76,-0.7053641080856323,-0.6884667873382568
joint3,1.77,-0.6983935832977295,-0.6819496154785156
joint3,1.78,-0.6912271976470947,-0.6752259135246277
joint3,1.79,-0.6838721036911011,-0.6683023571968079
joint3,1.8,-0.6763355731964111,-0.6611859798431396
joint3,1.81,-0.668624997138977,-0.6538841724395752
joint3,1.82,-0.6607480049133301,-0.6464043259620667
joint3,1.83,-0.6527124047279358,-0.6387538909912109
joint3,1.84,-0.6445261240005493,-0.6309406757354736
joint3,1.85,-0.6361971497535706,-0.6229727268218994
joint3,1.86,-0.6277337670326233,-0.6148577928543091
joint3,1.87,-0.6191443800926208,-0.6066040396690369
joint3,1.88,-0.6104373931884766,-0.5982201099395752
joint3,1.89,-0.6016213893890381,-0.5897136926651001
joint3,1.9,-0.5927051305770874,-0.5810940265655518
joint3,1.91,-0.5836973190307617,-0.5723691582679749
joint3,1.92,-0.5746069550514221,-0.5635482668876648
joint3,1.93,-0.5654429793357849,-0.5546396374702454
joint3,1.94,-0.5562143921852112,-0.5456525087356567
joint3,1.95,-0.5469303131103516,-0.5365955233573914
joint3,1.96,-0.5375999808311462,-0.5274778604507446
joint3,1.97,-0.5282325148582458,-0.5183082818984985
joint3,1.98,-0.5188371539115906,-0.5090959668159485
joint3,1.99,-0.5094232559204102,-0.49984991550445557
joint3,2.0,-0.5,-0.4905793070793152
joint3,2.01,-0.49057677388191223,-0.481293261051178
joint3,2.02,-0.4811628460884094,-0.47200077772140503
joint3,2.03,-0.47176751494407654,-0.46271106600761414
joint3,2.04,-0.46240001916885376,-0.45343318581581116
joint3,2.05,-0.45306965708732605,-0.4441763162612915
joint3,2.06,-0.4437856078147888,-0.43494951725006104
joint3,2.07,-0.4345570206642151,-0.425761878490448
joint3,2.08,-0.4253930449485779,-0.4166221618652344
joint3,2.09,-0.4163026809692383,-0.40753939747810364
joint3,2.1,-0.407294899225235,-0.3985225260257721
joint3,2.11,-0.3983786106109619,-0.38958048820495605
joint3,2.12,-0.3895626366138458,-0.38072189688682556
joint3,2.13,-0.38085561990737915,-0.3719554841518402
joint3,2.14,-0.3722662329673767,-0.3632897436618805
joint3,2.15,-0.36380285024642944,-0.35473325848579407
joint3,2.16,-0.3554738759994507,-0.3462944030761719
joint3,2.17,-0.3472875952720642,-0.33798134326934814
joint3,2.18,-0.33925196528434753,-0.32980215549468994
joint3,2.19,-0.33137500286102295,-0.3217649459838867
joint3,2.2,-0.32366442680358887,-0.31387758255004883
joint3,2.21,-0.3161278963088989,-0.3061476945877075
joint3,2.22,-0.3087728023529053,-0.2985828220844269
joint3,2.23,-0.3016064465045929,-0.2911904752254486
joint3,2.24,-0.2946358621120453,-0.28397759795188904
joint3,2.25,-0.2878679633140564,-0.2769514322280884
joint3,2.26,-0.28130942583084106,-0.27011874318122864
joint3,2.27,-0.27496665716171265,-0.26348599791526794
joint3,2.28,-0.2688460350036621,-0.2570599615573883
joint3,2.29,-0.2629534900188446,-0.25084665417671204
joint3,2.3,-0.2572948932647705,-0.244852215051651
joint3,2.31,-0.2518758177757263,-0.23908251523971558
joint3,2.32,-0.24670162796974182,-0.2335430085659027
joint3,2.33,-0.24177739024162292,-0.22823910415172577
joint3,2.34,-0.2371079921722412,-0.22317594289779663
joint3,2.35,-0.23269805312156677,-0.21835851669311523
joint3,2.36,-0.22855189442634583,-0.21379142999649048
joint3,2.37,-0.22467359900474548,-0.20947915315628052
joint3,2.38,-0.22106704115867615,-0.2054259181022644
joint3,2.39,-0.21773576736450195,-0.20163553953170776
joint3,2.4,-0.21468305587768555,-0.19811180233955383
joint3,2.41,-0.2119118869304657,-0.1948581039905548
joint3,2.42,-0.20942506194114685,-0.19187761843204498
joint3,2.43,-0.20722496509552002,-0.18917322158813477
joint3,2.44,-0.20531383156776428,-0.18674753606319427
joint3,2.45,-0.20369350910186768,-0.18460297584533691
joint3,2.46,-0.20236557722091675,-0.1827416568994522
joint3,2.47,-0.20133140683174133,-0.18116536736488342
joint3,2.48,-0.20059198141098022,-0.17987552285194397
joint3,2.49,-0.20014804601669312,-0.17887352406978607
joint3,2.5,-0.19999998807907104,-0.17816025018692017
joint3,2.51,-0.20014804601669312,-0.17773649096488953
joint3,2.52,-0.20059198141098022,-0.1776026487350464
joint3,2.53,-0.20133140683174133,-0.17775875329971313
joint3,2.54,-0.20236557722091675,-0.17820477485656738
joint3,2.55,-0.20369350910186768,-0.178940087556839
joint3,2.56,-0.20531383156776428,-0.17996418476104736
joint3,2.57,-0.20722496509552002,-0.18127602338790894
joint3,2.58,-0.20942506194114685,-0.18287423253059387
joint3,2.59,-0.2119118869304657,-0.18475735187530518
joint3,2.6,-0.21468305587768555,-0.18692345917224884
joint3,2.61,-0.21773576736450195,-0.1893705129623413
joint3,2.62,-0.22106704115867615,-0.19209587574005127
joint3,2.63,-0.22467359900474548,-0.1950972080230713
joint3,2.64,-0.22855189442634583,-0.19837139546871185
joint3,2.65,-0.23269805312156677,-0.20191529393196106
joint3,2.66,-0.2371079921722412,-0.20572541654109955
joint3,2.67,-0.24177739024162292,-0.20979809761047363
joint3,2.68,-0.24670162796974182,-0.2141292840242386
joint3,2.69,-0.2518758177757263,-0.2187148481607437
joint3,2.7,-0.2572948932647705,-0.2235502302646637
joint3,2.71,-0.2629534900188446,-0.22863070666790009
joint3,2.72,-0.2688460350036621,-0.2339513599872589
joint3,2.73,-0.27496665716171265,-0.23950697481632233
joint3,2.74,-0.28130942583084106,-0.24529214203357697
joint3,2.75,-0.2878679633140564,-0.25130122900009155
joint3,2.76,-0.2946358621120453,-0.2575283348560333
joint3,2.77,-0.3016064465045929,-0.2639675736427307
joint3,2.78,-0.3087728023529053,-0.27061229944229126
joint3,2.79,-0.3161278963088989,-0.27745625376701355
joint3,2.8,-0.32366442680358887,-0.2844929099082947
joint3,2.81,-0.33137500286102295,-0.29171517491340637
joint3,2.82,-0.33925196528434753,-0.2991161048412323
joint3,2.83,-0.3472875952720642,-0.30668848752975464
joint3,2.84,-0.3554738759994507,-0.31442493200302124
joint3,2.85,-0.36380285024642944,-0.32231780886650085
joint3,2.86,-0.3722662329673767,-0.330359548330307
joint3,2.87,-0.38085561990737915,-0.33854204416275024
joint3,2.88,-0.3895626366138458,-0.3468575179576874
joint3,2.89,-0.3983786106109619,-0.3552978038787842
joint3,2.9,-0.407294899225235,-0.36385467648506165
joint3,2.91,-0.4163026809692383,-0.3725198209285736
joint3,2.92,-0.4253930449485779,-0.38128477334976196
joint3,2.93,-0.4345570206642151,-0.3901407718658447
joint3,2.94,-0.4437856078147888,-0.399079293012619
joint3,2.95,-0.45306965708732605,-0.4080917537212372
joint3,2.96,-0.46240001916885376,-0.41716912388801575
joint3,2.97,-0.47176751494407654,-0.42630264163017273
joint3,2.98,-0.4811628460884094,-0.43548330664634705
joint3,2.99,-0.49057677388191223,-0.4447020888328552
joint3,3.0,-0.5,-0.45395007729530334
joint3,3.01,-0.5094232559204102,-0.463218092918396
joint3,3.02,-0.5188371539115906,-0.4724970757961273
joint3,3.03,-0.5282325148582458,-0.48177796602249146
joint3,3.04,-0.5375999808311462,-0.4910517632961273
joint3,3.05,-0.5469303131103516,-0.50030916929245
joint3,3.06,-0.5562143921852112,-0.5095412135124207
joint3,3.07,-0.5654429793357849,-0.5187388062477112
joint3,3.08,-0.5746069550514221,-0.5278928279876709
joint3,3.09,-0.5836973190307617,-0.5369943976402283
joint3,3.1,-0.5927051305770874,-0.5460344552993774
joint3,3.11,-0.6016213893890381,-0.5550040006637573
joint3,3.12,-0.6104373931884766,-0.5638943910598755
joint3,3.13,-0.6191443800926208,-0.5726966261863708
joint3,3.14,-0.6277337670326233,-0.5814024209976196
joint3,3.15,-0.6361971497535706,-0.5900027751922607
joint3,3.16,-0.6445261240005493,-0.5984890460968018
joint3,3.17,-0.6527124047279358,-0.6068531274795532
joint3,3.18,-0.6607480049133301,-0.6150866150856018
joint3,3.19,-0.668624997138977,-0.6231814026832581
joint3,3.2,-0.6763355731964111,-0.631129264831543
joint3,3.21,-0.6838721036911011,-0.6389225721359253
joint3,3.22,-0.6912271976470947,-0.6465533971786499
joint3,3.23,-0.6983935832977295,-0.6540138721466064
joint3,3.24,-0.7053641080856323,-0.6612969040870667
joint3,3.25,-0.7121320366859436,-0.6683950424194336
joint3,3.26,-0.7186905741691589,-0.6753013134002686
joint3,3.27,-0.7250333428382874,-0.6820088624954224
joint3,3.28,-0.7311539649963379,-0.6885108947753906
joint3,3.29,-0.737046480178833,-0.6948007345199585
joint3,3.3,-0.7427051067352295,-0.7008718848228455
joint3,3.31,-0.7481241822242737,-0.7067185640335083
joint3,3.32,-0.7532984018325806,-0.7123346924781799
joint3,3.33,-0.7582225799560547,-0.7177146673202515
joint3,3.34,-0.7628920078277588,-0.7228530645370483
joint3,3.35,-0.7673019170761108,-0.7277446985244751
joint3,3.36,-0.7714481353759766,-0.732384204864502
joint3,3.37,-0.7753263711929321,-0.7367671132087708
joint3,3.38,-0.7789329290390015,-0.7408891916275024
joint3,3.39,-0.782264232635498,-0.7447457909584045
joint3,3.4,-0.7853169441223145,-0.7483333945274353
joint3,3.41,-0.7880880832672119,-0.7516480684280396
joint3,3.42,-0.7905749082565308,-0.7546863555908203
joint3,3.43,-0.79277503490448,-0.7574450373649597
joint3,3.44,-0.7946861982345581,-0.7599215507507324
joint3,3.45,-0.7963064908981323,-0.7621133327484131
joint3,3.46,-0.7976344227790833,-0.7640178799629211
joint3,3.47,-0.798668622970581,-0.7656333446502686
joint3,3.48,-0.7994080185890198,-0.766957700252533
joint3,3.49,-0.7998519539833069,-0.7679899334907532
joint3,3.5,-0.800000011920929,-0.7687289714813232
joint3,3.51,-0.7998519539833069,-0.7691737413406372
joint3,3.52,-0.7994080185890198,-0.7693238258361816
joint3,3.53,-0.798668622970581,-0.7691792249679565
joint3,3.54,-0.7976344227790833,-0.768739640712738
joint3,3.55,-0.7963064908981323,-0.7680057883262634
joint3,3.56,-0.7946861982345581,-0.7669782042503357
joint3,3.57,-0.79277503490448,-0.7656581401824951
joint3,3.58,-0.7905749082565308,-0.7640466690063477
joint3,3.59,-0.7880880832672119,-0.7621455788612366
joint3,3.6,-0.7853169441223145,-0.7599565982818604
joint3,3.61,-0.782264232635498,-0.75748211145401
joint3,3.62,-0.7789329290390015,-0.7547245621681213
joint3,3.63,-0.7753263711929321,-0.7516864538192749
joint3,3.64,-0.7714481353759766,-0.7483711242675781
joint3,3.65,-0.7673019170761108,-0.7447817921638489
joint3,3.66,-0.7628920078277588,-0.7409223914146423
joint3,3.67,-0.7582225799560547,-0.7367967367172241
joint3,3.68,-0.7532984018325806,-0.7324089407920837
joint3,3.69,-0.7481241822242737,-0.7277635931968689
joint3,3.7,-0.7427051067352295,-0.7228651642799377
joint3,3.71,-0.737046480178833,-0.7177186608314514
joint3,3.72,-0.7311539649963379,-0.7123294472694397
joint3,3.73,-0.7250333428382874,-0.7067029476165771
joint3,3.74,-0.7186905741691589,-0.7008447647094727
joint3,3.75,-0.7121320366859436,-0.6947609186172485
joint3,3.76,-0.7053641080856323,-0.6884576678276062
joint3,3.77,-0.6983935832977295,-0.6819414496421814
joint3,3.78,-0.6912271976470947,-0.6752188205718994
joint3,3.79,-0.6838721036911011,-0.6682966947555542
joint3,3.8,-0.6763355731964111,-0.6611818075180054
joint3,3.81,-0.668624997138977,-0.6538814902305603
joint3,3.82,-0.6607480049133301,-0.6464028358459473
joint3,3.83,-0.6527124047279358,-0.6387537121772766
joint3,3.84,-0.6445261240005493,-0.6309417486190796
joint3,3.85,-0.6361971497535706,-0.6229744553565979
joint3,3.86,-0.6277337670326233,-0.6148603558540344
joint3,3.87,-0.6191443800926208,-0.6066074371337891
joint3,3.88,-0.6104373931884766,-0.5982239842414856
joint3,3.89,-0.6016213893890381,-0.5897186398506165
joint3,3.9,-0.5927051305770874,-0.581099271774292
joint3,3.91,-0.5836973190307617,-0.5723745822906494
joint3,3.92,-0.5746069550514221,-0.5635536909103394
joint3,3.93,-0.5654429793357849,-0.554644763469696
joint3,3.94,-0.5562143921852112,-0.5456574559211731
joint3,3.95,-0.5469303131103516,-0.5365999937057495
joint3,3.96,-0.5375999808311462,-0.5274814963340759
joint3,3.97,-0.5282325148582458,-0.5183115005493164
joint3,3.98,-0.5188371539115906,-0.5090984106063843
joint3,3.99,-0.5094232559204102,-0.49985167384147644
joint3,4.0,-0.5,-0.49058037996292114
joint5,0.0,0.0,-0.0002666219952516258
joint5,0.01,0.009423227980732918,0.001809587818570435
joint5,0.02,0.018837155774235725,0.005895207170397043
joint5,0.03,0.028232494369149208,0.011518901214003563
joint5,0.04,0.037599969655275345,0.01830889843404293
joint5,0.05,0.04693033918738365,0.02597273327410221
joint5,0.06,0.05621439591050148,0.034278277307748795
joint5,0.07,0.06544297188520432,0.04303976893424988
joint5,0.08,0.07460696250200272,0.052107539027929306
joint5,0.09,0.08369733393192291,0.06136056408286095
joint5,0.1,0.09270510077476501,0.07070097327232361
joint5,0.11,0.10162137448787689,0.08004985749721527
joint5,0.12,0.11043736338615417,0.08934427052736282
joint5,0.13,0.11914436519145966,0.09853480756282806
joint5,0.14,0.12773378193378448,0.10758352279663086
joint5,0.15,0.13619714975357056,0.11646246910095215
joint5,0.16,0.14452610909938812,0.12515214085578918
joint5,0.17,0.15271241962909698,0.13364018499851227
joint5,0.18,0.16074803471565247,0.1419203132390976
joint5,0.19,0.16862501204013824,0.14999082684516907
joint5,0.2,0.17633557319641113,0.15785397589206696
joint5,0.21,0.18387211859226227,0.16551455855369568
joint5,0.22,0.19122719764709473,0.17297928035259247
joint5,0.23,0.1983935534954071,0.18025560677051544
joint5,0.24,0.2053641378879547,0.1873510330915451
joint5,0.25,0.2121320366859436,0.1942727118730545
joint5,0.26,0.21869058907032013,0.2010265290737152
joint5,0.27,0.22503332793712616,0.20761698484420776
joint5,0.28,0.23115397989749908,0.21404674649238586
joint5,0.29,0.2370465099811554,0.220316544175148
joint5,0.3,0.2427050918340683,0.22642511129379272
joint5,0.31,0.2481241673231125,0.23236918449401855
joint5,0.32,0.2532983720302582,0.23814359307289124
joint5,0.33,0.2582226097583771,0.2437414973974228
joint5,0.34,0.2628920078277588,0.24915456771850586
joint5,0.35,0.2673019468784332,0.25437331199645996
joint5,0.36,0.2714481055736542,0.25938719511032104
joint5,0.37,0.2753264009952545,0.2641851305961609
joint5,0.38,0.27893295884132385,0.2687554657459259
joint5,0.39,0.28226423263549805,0.2730867266654968
joint5,0.4,0.28531694412231445,0.2771674692630768
joint5,0.41,0.2880881130695343,0.280986487865448
joint5,0.42,0.29057493805885315,0.2845335006713867
joint5,0.43,0.29277503490448,0.2877989709377289
joint5,0.44,0.2946861684322357,0.29077431559562683
joint5,0.45,0.2963064908981323,0.29345202445983887
joint5,0.46,0.29763442277908325,0.29582586884498596
joint5,0.47,0.29866859316825867,0.2978910207748413
joint5,0.48,0.2994080185890198,0.2996436059474945
joint5,0.49,0.2998519539833069,0.30108147859573364
joint5,0.5,0.30000001192092896,0.302203506231308
joint5,0.51,0.2998519539833069,0.30300962924957275
joint5,0.52,0.2994080185890198,0.30350106954574585
joint5,0.53,0.29866859316825867,0.30367976427078247
joint5,0.54,0.29763442277908325,0.30354854464530945
joint5,0.55,0.2963064908981323,0.3031105399131775
joint5,0.56,0.2946861684322357,0.30237072706222534
joint5,0.57,0.29277503490448,0.30133217573165894
joint5,0.58,0.29057493805885315,0.2999998927116394
joint5,0.59,0.2880881130695343,0.29837846755981445
joint5,0.6,0.28531694412231445,0.2964722514152527
joint5,0.61,0.28226423263549805,0.29428571462631226
joint5,0.62,0.27893295884132385,0.2918233275413513
joint5,0.63,0.2753264009952545,0.28908881545066833
joint5,0.64,0.2714481055736542,0.2860862612724304
joint5,0.65,0.2673019468784332,0.28281912207603455
joint5,0.66,0.2628920078277588,0.27929097414016724
joint5,0.67,0.2582226097583771,0.2755049765110016
joint5,0.68,0.2532983720302582,0.2714642882347107
joint5,0.69,0.2481241673231125,0.2671718895435333
joint5,0.7,0.2427050918340683,0.2626307010650635
joint5,0.71,0.2370465099811554,0.25784391164779663
joint5,0.72,0.23115397989749908,0.2528146505355835
joint5,0.73,0.22503332793712616,0.24754635989665985
joint5,0.74,0.21869058907032013,0.2420424520969391
joint5,0.75,0.2121320366859436,0.23630686104297638
joint5,0.76,0.2053641378879547,0.23034363985061646
joint5,0.77,0.1983935534954071,0.22415737807750702
joint5,0.78,0.19122719764709473,0.21775302290916443
joint5,0.79,0.18387211859226227,0.2111358791589737
joint5,0.8,0.17633557319641113,0.20431165397167206
joint5,0.81,0.16862501204013824,0.19728654623031616
joint5,0.82,0.16074803471565247,0.19006720185279846
joint5,0.83,0.15271241962909698,0.1826605349779129
joint5,0.84,0.14452610909938812,0.1750740110874176
joint5,0.85,0.13619714975357056,0.16731533408164978
joint5,0.86,0.12773378193378448,0.1593925505876541
joint5,0.87,0.11914436519145966,0.15131406486034393
joint5,0.88,0.11043736338615417,0.1430884152650833
joint5,0.89,0.10162137448787689,0.1347244828939438
joint5,0.9,0.09270510077476501,0.12623120844364166
joint5,0.91,0.08369733393192291,0.11761768907308578
joint5,0.92,0.07460696250200272,0.10889320075511932
joint5,0.93,0.06544297188520432,0.10006698966026306
joint5,0.94,0.05621439591050148,0.09114839136600494
joint5,0.95,0.04693033918738365,0.0821467787027359
joint5,0.96,0.037599969655275345,0.0730714499950409
joint5,0.97,0.028232494369149208,0.06393172591924667
joint5,0.98,0.018837155774235725,0.054736845195293427
joint5,0.99,0.009423227980732918,0.04549602046608925
joint5,1.0,-6.293943959626491e-16,0.03621843457221985
joint5,1.01,-0.009423227980732918,0.026913179084658623
joint5,1.02,-0.018837155774235725,0.017589308321475983
joint5,1.03,-0.028232494369149208,0.008255799300968647
joint5,1.04,-0.037599969655275345,-0.0010783746838569641
joint5,1.05,-0.04693033918738365,-0.010404324159026146
joint5,1.06,-0.05621439591050148,-0.01971316896378994
joint5,1.07,-0.06544297188520432,-0.028996113687753677
joint5,1.08,-0.07460696250200272,-0.038244351744651794
joint5,1.09,-0.08369733393192291,-0.047449078410863876
joint5,1.1,-0.09270510077476501,-0.05660156160593033
joint5,1.11,-0.10162137448787689,-0.06569305807352066
joint5,1.12,-0.11043736338615417,-0.07471486181020737
joint5,1.13,-0.11914436519145966,-0.08365829288959503
joint5,1.14,-0.12773378193378448,-0.09251473098993301
joint5,1.15,-0.13619714975357056,-0.1012754812836647
joint5,1.16,-0.14452610909938812,-0.10993203520774841
joint5,1.17,-0.15271241962909698,-0.11847586929798126
joint5,1.18,-0.16074803471565247,-0.12689848244190216
joint5,1.19,-0.16862501204013824,-0.13519158959388733
joint5,1.2,-0.17633557319641113,-0.14334678649902344
joint5,1.21,-0.18387211859226227,-0.15135593712329865
joint5,1.22,-0.19122719764709473,-0.15921099483966827
joint5,1.23,-0.1983935534954071,-0.16690407693386078
joint5,1.24,-0.2053641378879547,-0.1744273602962494
joint5,1.25,-0.2121320366859436,-0.18177326023578644
joint5,1.26,-0.21869058907032013,-0.1889343112707138
joint5,1.27,-0.22503332793712616,-0.1959032267332077
joint5,1.28,-0.23115397989749908,-0.2026730477809906
joint5,1.29,-0.2370465099811554,-0.20923691987991333
joint5,1.3,-0.2427050918340683,-0.21558821201324463
joint5,1.31,-0.2481241673231125,-0.22172047197818756
joint5,1.32,-0.2532983720302582,-0.227627694606781
joint5,1.33,-0.2582226097583771,-0.23330390453338623
joint5,1.34,-0.2628920078277588,-0.23874342441558838
joint5,1.35,-0.2673019468784332,-0.24394093453884125
joint5,1.36,-0.2714481055736542,-0.24889123439788818
joint5,1.37,-0.2753264009952545,-0.25358954071998596
joint5,1.38,-0.27893295884132385,-0.2580311596393585
joint5,1.39,-0.28226423263549805,-0.2622116804122925
joint5,1.4,-0.28531694412231445,-0.2661271095275879
joint5,1.41,-0.2880881130695343,-0.2697737216949463
joint5,1.42,-0.29057493805885315,-0.2731480002403259
joint5,1.43,-0.29277503490448,-0.2762465178966522
joint5,1.44,-0.2946861684322357,-0.2790662944316864
joint5,1.45,-0.2963064908981323,-0.2816045880317688
joint5,1.46,-0.29763442277908325,-0.2838590443134308
joint5,1.47,-0.29866859316825867,-0.2858273684978485
joint5,1.48,-0.2994080185890198,-0.2875077426433563
joint5,1.49,-0.2998519539833069,-0.2888985574245453
joint5,1.5,-0.30000001192092896,-0.28999826312065125
joint5,1.51,-0.2998519539833069,-0.290805846452713
joint5,1.52,-0.2994080185890198,-0.2913205623626709
joint5,1.53,-0.29866859316825867,-0.2915418744087219
joint5,1.54,-0.29763442277908325,-0.2914694547653198
joint5,1.55,-0.2963064908981323,-0.29110342264175415
joint5,1.56,-0.2946861684322357,-0.29044410586357117
joint5,1.57,-0.29277503490448,-0.2894921898841858
joint5,1.58,-0.29057493805885315,-0.2882484495639801
joint5,1.59,-0.2880881130695343,-0.2867140769958496
joint5,1.6,-0.28531694412231445,-0.2848905622959137
joint5,1.61,-0.28226423263549805,-0.2827798128128052
joint5,1.62,-0.27893295884132385,-0.2803835868835449
joint5,1.63,-0.2753264009952545,-0.2777044475078583
joint5,1.64,-0.2714481055736542,-0.2747449278831482
joint5,1.65,-0.2673019468784332,-0.2715080678462982
joint5,1.66,-0.2628920078277588,-0.26799702644348145
joint5,1.67,-0.2582226097583771,-0.26421523094177246
joint5,1.68,-0.2532983720302582,-0.26016637682914734
joint5,1.69,-0.2481241673231125,-0.25585466623306274
joint5,1.7,-0.2427050918340683,-0.2512841522693634
joint5,1.71,-0.2370465099811554,-0.24645943939685822
joint5,1.72,-0.23115397989749908,-0.2413852959871292
joint5,1.73,-0.22503332793712616,-0.2360667586326599
joint5,1.74,-0.21869058907032013,-0.2305091917514801
joint5,1.75,-0.2121320366859436,-0.22471807897090912
joint5,1.76,-0.2053641378879547,-0.2186991572380066
joint5,1.77,-0.1983935534954071,-0.21245844662189484
joint5,1.78,-0.19122719764709473,-0.20600208640098572
joint5,1.79,-0.18387211859226227,-0.19933652877807617
joint5,1.8,-0.17633557319641113,-0.19246834516525269
joint5,1.81,-0.16862501204013824,-0.185404434800148
joint5,1.82,-0.16074803471565247,-0.17815172672271729
joint5,1.83,-0.15271241962909698,-0.17071744799613953
joint5,1.84,-0.14452610909938812,-0.16310898959636688
joint5,1.85,-0.13619714975357056,-0.15533384680747986
joint5,1.86,-0.12773378193378448,-0.14739976823329926
joint5,1.87,-0.11914436519145966,-0.13931456208229065
joint5,1.88,-0.11043736338615417,-0.13108617067337036
joint5,1.89,-0.10162137448787689,-0.1227228119969368
joint5,1.9,-0.09270510077476501,-0.11423273384571075
joint5,1.91,-0.08369733393192291,-0.10562434792518616
joint5,1.92,-0.07460696250200272,-0.09690611809492111
joint5,1.93,-0.06544297188520432,-0.08808674663305283
joint5,1.94,-0.05621439591050148,-0.07917486131191254
joint5,1.95,-0.04693033918738365,-0.07017930597066879
joint5,1.96,-0.037599969655275345,-0.06110895052552223
joint5,1.97,-0.028232494369149208,-0.05197276547551155
joint5,1.98,-0.018837155774235725,-0.04277976229786873
joint5,1.99,-0.009423227980732918,-0.033539045602083206
joint5,2.0,1.2587887919252982e-15,-0.024259721860289574
joint5,2.01,0.009423227980732918,-0.01495094783604145
joint5,2.02,0.018837155774235725,-0.005621928721666336
joint5,2.03,0.028232494369149208,0.0037181186489760876
joint5,2.04,0.037599969655275345,0.013059977442026138
joint5,2.05,0.04693033918738365,0.02239442802965641
joint5,2.06,0.05621439591050148,0.03171224147081375
joint5,2.07,0.06544297188520432,0.04100422188639641
joint5,2.08,0.07460696250200272,0.050261203199625015
joint5,2.09,0.08369733393192291,0.05947407707571983
joint5,2.1,0.09270510077476501,0.06863369792699814
joint5,2.11,0.10162137448787689,0.07773106545209885
joint5,2.12,0.11043736338615417,0.08675718307495117
joint5,2.13,0.11914436519145966,0.09570316970348358
joint5,2.14,0.12773378193378448,0.10456016659736633
joint5,2.15,0.13619714975357056,0.11331945657730103
joint5,2.16,0.14452610909938812,0.12197241187095642
joint5,2.17,0.15271241962909698,0.13051050901412964
joint5,2.18,0.16074803471565247,0.13892532885074615
joint5,2.19,0.16862501204013824,0.1472085863351822
joint5,2.2,0.17633557319641113,0.1553521603345871
joint5,2.21,0.18387211859226227,0.16334795951843262
joint5,2.22,0.19122719764709473,0.1711881011724472
joint5,2.23,0.1983935534954071,0.1788649559020996
joint5,2.24,0.2053641378879547,0.18637095391750336
joint5,2.25,0.2121320366859436,0.19369861483573914
joint5,2.26,0.21869058907032013,0.2008408159017563
joint5,2.27,0.22503332793712616,0.2077905386686325
joint5,2.28,0.23115397989749908,0.21454089879989624
joint5,2.29,0.2370465099811554,0.221085324883461
joint5,2.3,0.2427050918340683,0.22741730511188507
joint5,2.31,0.2481241673231125,0.23353062570095062
joint5,2.32,0.2532983720302582,0.23941926658153534
joint5,2.33,0.2582226097583771,0.245077446103096
joint5,2.34,0.2628920078277588,0.2504996955394745
joint5,2.35,0.2673019468784332,0.25568053126335144
joint5,2.36,0.2714481055736542,0.2606149911880493
joint5,2.37,0.2753264009952545,0.26529812812805176
joint5,2.38,0.27893295884132385,0.26972541213035583
joint5,2.39,0.28226423263549805,0.2738925516605377
joint5,2.4,0.28531694412231445,0.27779537439346313
joint5,2.41,0.2880881130695343,0.2814299464225769
joint5,2.42,0.29057493805885315,0.2847929000854492
joint5,2.43,0.29277503490448,0.2878807485103607
joint5,2.44,0.2946861684322357,0.29069051146507263
joint5,2.45,0.2963064908981323,0.29321956634521484
joint5,2.46,0.29763442277908325,0.2954653203487396
joint5,2.47,0.29866859316825867,0.2974255383014679
joint5,2.48,0.2994080185890198,0.299098402261734
joint5,2.49,0.2998519539833069,0.3004821538925171
joint5,2.5,0.30000001192092896,0.30157551169395447
joint5,2.51,0.2998519539833069,0.3023773431777954
joint5,2.52,0.2994080185890198,0.30288681387901306
joint5,2.53,0.29866859316825867,0.3031035363674164
joint5,2.54,0.29763442277908325,0.3030272126197815
joint5,2.55,0.2963064908981323,0.3026581406593323
joint5,2.56,0.2946861684322357,0.30199646949768066
joint5,2.57,0.29277503490448,0.30104294419288635
joint5,2.58,0.29057493805885315,0.29979854822158813
joint5,2.59,0.2880881130695343,0.29826444387435913
joint5,2.6,0.28531694412231445,0.2964421212673187
joint5,2.61,0.28226423263549805,0.29433339834213257
joint5,2.62,0.27893295884132385,0.2919403314590454
joint5,2.63,0.2753264009952545,0.28926536440849304
joint5,2.64,0.2714481055736542,0.2863110899925232
joint5,2.65,0.2673019468784332,0.2830803692340851
joint5,2.66,0.2628920078277588,0.2795764207839966
joint5,2.67,0.2582226097583771,0.2758026421070099
joint5,2.68,0.2532983720302582,0.27176278829574585
joint5,2.69,0.2481241673231125,0.26746082305908203
joint5,2.7,0.2427050918340683,0.26290103793144226
joint5,2.71,0.2370465099811554,0.25808796286582947
joint5,2.72,0.23115397989749908,0.2530261278152466
joint5,2.73,0.22503332793712616,0.24772070348262787
joint5,2.74,0.21869058907032013,0.2421768605709076
joint5,2.75,0.2121320366859436,0.23639997839927673
joint5,2.76,0.2053641378879547,0.23039588332176208
joint5,2.77,0.1983935534954071,0.22417032718658447
joint5,2.78,0.19122719764709473,0.21772950887680054
joint5,2.79,0.18387211859226227,0.2110797017812729
joint5,2.8,0.17633557319641113,0.20422758162021637
joint5,2.81,0.16862501204013824,0.19717982411384583
joint5,2.82,0.16074803471565247,0.1899433135986328
joint5,2.83,0.15271241962909698,0.1825251579284668
joint5,2.84,0.14452610909938812,0.17493274807929993
joint5,2.85,0.13619714975357056,0.1671735644340515
joint5,2.86,0.12773378193378448,0.15925513207912445
joint5,2.87,0.11914436519145966,0.15118525922298431
joint5,2.88,0.11043736338615417,0.1429719626903534
joint5,2.89,0.10162137448787689,0.13462330400943756
joint5,2.9,0.09270510077476501,0.12614746391773224
joint5,2.91,0.08369733393192291,0.11755282431840897
joint5,2.92,0.07460696250200272,0.10884782671928406
joint5,2.93,0.06544297188520432,0.10004102438688278
joint5,2.94,0.05621439591050148,0.09114112704992294
joint5,2.95,0.04693033918738365,0.08215686678886414
joint5,2.96,0.037599969655275345,0.07309713214635849
joint5,2.97,0.028232494369149208,0.06397079676389694
joint5,2.98,0.018837155774235725,0.054786860942840576
joint5,2.99,0.009423227980732918,0.04555438086390495
joint5,3.0,1.8761964434865254e-14,0.03628247231245041
joint5,3.01,-0.009423227980732918,0.026980236172676086
joint5,3.02,-0.018837155774235725,0.017656870186328888
joint5,3.03,-0.028232494369149208,0.008321554400026798
joint5,3.04,-0.037599969655275345,-0.0010165108833462
joint5,3.05,-0.04693033918738365,-0.010348114185035229
joint5,3.06,-0.05621439591050148,-0.01966404914855957
joint5,3.07,-0.06544297188520432,-0.028955137357115746
joint5,3.08,-0.07460696250200272,-0.038212209939956665
joint5,3.09,-0.08369733393192291,-0.04742613434791565
joint5,3.1,-0.09270510077476501,-0.0565878190100193
joint5,3.11,-0.10162137448787689,-0.06568822264671326
joint5,3.12,-0.11043736338615417,-0.07471835613250732
joint5,3.13,-0.11914436519145966,-0.08366930484771729
joint5,3.14,-0.12773378193378448,-0.0925322100520134
joint5,3.15,-0.13619714975357056,-0.10129835456609726
joint5,3.16,-0.14452610909938812,-0.10995909571647644
joint5,3.17,-0.15271241962909698,-0.11850582808256149
joint5,3.18,-0.16074803471565247,-0.1269301176071167
joint5,3.19,-0.16862501204013824,-0.1352235972881317
joint5,3.2,-0.17633557319641113,-0.1433781385421753
joint5,3.21,-0.18387211859226227,-0.15138565003871918
joint5,3.22,-0.19122719764709473,-0.15923821926116943
joint5,3.23,-0.1983935534954071,-0.16692806780338287
joint5,3.24,-0.2053641378879547,-0.17444756627082825
joint5,3.25,-0.2121320366859436,-0.1817893534898758
joint5,3.26,-0.21869058907032013,-0.18894603848457336
joint5,3.27,-0.22503332793712616,-0.19591063261032104
joint5,3.28,-0.23115397989749908,-0.2026761770248413
joint5,3.29,-0.2370465099811554,-0.2092360258102417
joint5,3.3,-0.2427050918340683,-0.2155836820602417
joint5,3.31,-0.2481241673231125,-0.22171282768249512
joint5,3.32,-0.2532983720302582,-0.22761735320091248
joint5,3.33,-0.2582226097583771,-0.23329147696495056
joint5,3.34,-0.2628920078277588,-0.23872949182987213
joint5,3.35,-0.2673019468784332,-0.2439260482788086
joint5,3.36,-0.2714481055736542,-0.24887605011463165
joint5,3.37,-0.2753264009952545,-0.2535746097564697
joint5,3.38,-0.27893295884132385,-0.2580168843269348
joint5,3.39,-0.28226423263549805,-0.26219862699508667
joint5,3.4,-0.28531694412231445,-0.266115665435791
joint5,3.41,-0.2880881130695343,-0.2697640657424927
joint5,3.42,-0.29057493805885315,-0.2731401324272156
joint5,3.43,-0.29277503490448,-0.27624061703681946
joint5,3.44,-0.2946861684322357,-0.2790624499320984
joint5,3.45,-0.2963064908981323,-0.2816028296947479
joint5,3.46,-0.29763442277908325,-0.2838591933250427
joint5,3.47,-0.29866859316825867,-0.28582924604415894
joint5,3.48,-0.2994080185890198,-0.28751108050346375
joint5,3.49,-0.2998519539833069,-0.2889030873775482
joint5,3.5,-0.30000001192092896,-0.29000386595726013
joint5,3.51,-0.2998519539833069,-0.290812224149704
joint5,3.52,-0.2994080185890198,-0.29132741689682007
joint5,3.53,-0.29866859316825867,-0.29154887795448303
joint5,3.54,-0.29763442277908325,-0.29147642850875854
joint5,3.55,-0.2963064908981323,-0.291110098361969
joint5,3.56,-0.2946861684322357,-0.29045021533966064
joint5,3.57,-0.29277503490448,-0.2894975543022156
joint5,3.58,-0.29057493805885315,-0.28825312852859497
joint5,3.59,-0.2880881130695343,-0.28671795129776
joint5,3.6,-0.28531694412231445,-0.2848934829235077
joint5,3.61,-0.28226423263549805,-0.282781720161438
joint5,3.62,-0.27893295884132385,-0.2803845703601837
joint5,3.63,-0.2753264009952545,-0.27770453691482544
joint5,3.64,-0.2714481055736542,-0.2747442126274109
joint5,3.65,-0.2673019468784332,-0.2715066373348236
joint5,3.66,-0.2628920078277588,-0.2679949402809143
joint5,3.67,-0.2582226097583771,-0.26421260833740234
joint5,3.68,-0.2532983720302582,-0.26016342639923096
joint5,3.69,-0.2481241673231125,-0.25585150718688965
joint5,3.7,-0.2427050918340683,-0.2512807846069336
joint5,3.71,-0.2370465099811554,-0.2464560866355896
joint5,3.72,-0.23115397989749908,-0.24138206243515015
joint5,3.73,-0.22503332793712616,-0.23606379330158234
joint5,3.74,-0.21869058907032013,-0.23050647974014282
joint5,3.75,-0.2121320366859436,-0.22471575438976288
joint5,3.76,-0.2053641378879547,-0.21869723498821259
joint5,3.77,-0.1983935534954071,-0.21245698630809784
joint5,3.78,-0.19122719764709473,-0.20600110292434692
joint5,3.79,-0.18387211859226227,-0.199335977435112
joint5,3.8,-0.17633557319641113,-0.19246825575828552
joint5,3.81,-0.16862501204013824,-0.18540476262569427
joint5,3.82,-0.16074803471565247,-0.1781524270772934
joint5,3.83,-0.15271241962909698,-0.1707184612751007
joint5,3.84,-0.14452610909938812,-0.16311021149158478
joint5,3.85,-0.13619714975357056,-0.1553352028131485
joint5,3.86,-0.12773378193378448,-0.14740116894245148
joint5,3.87,-0.11914436519145966,-0.13931597769260406
joint5,3.88,-0.11043736338615417,-0.13108764588832855
joint5,3.89,-0.10162137448787689,-0.1227242723107338
joint5,3.9,-0.09270510077476501,-0.11423411220312119
joint5,3.91,-0.08369733393192291,-0.10562559217214584
joint5,3.92,-0.07460696250200272,-0.09690723568201065
joint5,3.93,-0.06544297188520432,-0.08808767050504684
joint5,3.94,-0.05621439591050148,-0.07917559146881104
joint5,3.95,-0.04693033918738365,-0.07017981261014938
joint5,3.96,-0.037599969655275345,-0.06110922992229462
joint5,3.97,-0.028232494369149208,-0.05197283253073692
joint5,3.98,-0.018837155774235725,-0.042779646813869476
joint5,3.99,-0.009423227980732918,-0.03353874757885933
joint5,4.0,-3.904917093345596e-14,-0.024259263649582863
joint6,0.0,0.0,3.2098056851337375e-11
joint6,0.01,0.009423227980732918,0.002107704058289528
joint6,0.02,0.018837155774235725,0.00594353536143899
joint6,0.03,0.028232494369149208,0.01109463069587946
joint6,0.04,0.037599969655275345,0.01724342070519924
joint6,0.05,0.04693033918738365,0.02414528653025627
joint6,0.06,0.05621439591050148,0.03161131963133812
joint6,0.07,0.06544297188520432,0.03949514031410217
joint6,0.08,0.07460696250200272,0.047682829201221466
joint6,0.09,0.08369733393192291,0.056085262447595596
joint6,0.1,0.09270510077476501,0.06463226675987244
joint6,0.11,0.10162137448787689,0.07326815277338028
joint6,0.12,0.11043736338615417,0.08194828033447266
joint6,0.13,0.11914436519145966,0.09063646197319031
joint6,0.14,0.12773378193378448,0.09930300712585449
joint6,0.15,0.13619714975357056,0.10792332887649536
joint6,0.16,0.14452610909938812,0.11647652089595795
joint6,0.17,0.15271241962909698,0.12494475394487381
joint6,0.18,0.16074803471565247,0.13331255316734314
joint6,0.19,0.16862501204013824,0.14156611263751984
joint6,0.2,0.17633557319641113,0.14969313144683838
joint6,0.21,0.18387211859226227,0.15768247842788696
joint6,0.22,0.19122719764709473,0.165523961186409
joint6,0.23,0.1983935534954071,0.17320787906646729
joint6,0.24,0.2053641378879547,0.18072539567947388
joint6,0.25,0.2121320366859436,0.1880679726600647
joint6,0.26,0.21869058907032013,0.19522765278816223
joint6,0.27,0.22503332793712616,0.20219676196575165
joint6,0.28,0.23115397989749908,0.20896793901920319
joint6,0.29,0.2370465099811554,0.21553421020507812
joint6,0.3,0.2427050918340683,0.22188876569271088
joint6,0.31,0.2481241673231125,0.2280251830816269
joint6,0.32,0.2532983720302582,0.23393724858760834
joint6,0.33,0.2582226097583771,0.2396189570426941
joint6,0.34,0.2628920078277588,0.24506457149982452
joint6,0.35,0.2673019468784332,0.2502686381340027
joint6,0.36,0.2714481055736542,0.2552259564399719
joint6,0.37,0.2753264009952545,0.2599314749240875
joint6,0.38,0.27893295884132385,0.26438066363334656
joint6,0.39,0.28226423263549805,0.2685689926147461
joint6,0.4,0.28531694412231445,0.27249231934547424
joint6,0.41,0.2880881130695343,0.27614670991897583
joint6,0.42,0.29057493805885315,0.27952858805656433
joint6,0.43,0.29277503490448,0.28263452649116516
joint6,0.44,0.2946861684322357,0.2854614555835724
joint6,0.45,0.2963064908981323,0.28800666332244873
joint6,0.46,0.29763442277908325,0.290267676115036
joint6,0.47,0.29866859316825867,0.2922421097755432
joint6,0.48,0.2994080185890198,0.2939281165599823
joint6,0.49,0.2998519539833069,0.29532405734062195
joint6,0.5,0.30000001192092896,0.2964285612106323
joint6,0.51,0.2998519539833069,0.29724040627479553
joint6,0.52,0.2994080185890198,0.29775893688201904
joint6,0.53,0.29866859316825867,0.29798364639282227
joint6,0.54,0.29763442277908325,0.29791727662086487
joint6,0.55,0.2963064908981323,0.2975505590438843
joint6,0.56,0.2946861684322357,0.2968938946723938
joint6,0.57,0.29277503490448,0.2959442734718323
joint6,0.58,0.29057493805885315,0.2947024405002594
joint6,0.59,0.2880881130695343,0.2931697964668274
joint6,0.6,0.28531694412231445,0.29134780168533325
joint6,0.61,0.28226423263549805,0.289238303899765
joint6,0.62,0.27893295884132385,0.2868433892726898
joint6,0.63,0.2753264009952545,0.2841653823852539
joint6,0.64,0.2714481055736542,0.2812068462371826
joint6,0.65,0.2673019468784332,0.2779708802700043
joint6,0.66,0.2628920078277588,0.2744605541229248
joint6,0.67,0.2582226097583771,0.2706793248653412
joint6,0.68,0.2532983720302582,0.26663094758987427
joint6,0.69,0.2481241673231125,0.26231950521469116
joint6,0.7,0.2427050918340683,0.25774914026260376
joint6,0.71,0.2370465099811554,0.2529243528842926
joint6,0.72,0.23115397989749908,0.2478499859571457
joint6,0.73,0.22503332793712616,0.24253104627132416
joint6,0.74,0.21869058907032013,0.23697274923324585
joint6,0.75,0.2121320366859436,0.2311806082725525
joint6,0.76,0.2053641378879547,0.2251603603363037
joint6,0.77,0.1983935534954071,0.2189178615808487
joint6,0.78,0.19122719764709473,0.21245934069156647
joint6,0.79,0.18387211859226227,0.20579110085964203
joint6,0.8,0.17633557319641113,0.1989198476076126
joint6,0.81,0.16862501204013824,0.19185224175453186
joint6,0.82,0.16074803471565247,0.18459531664848328
joint6,0.83,0.15271241962909698,0.17715619504451752
joint6,0.84,0.14452610909938812,0.1695423126220703
joint6,0.85,0.13619714975357056,0.16176103055477142
joint6,0.86,0.12773378193378448,0.15382015705108643
joint6,0.87,0.11914436519145966,0.1457274854183197
joint6,0.88,0.11043736338615417,0.13749098777770996
joint6,0.89,0.10162137448787689,0.12911878526210785
joint6,0.9,0.09270510077476501,0.12061909586191177
joint6,0.91,0.08369733393192291,0.11200040578842163
joint6,0.92,0.07460696250200272,0.10327115654945374
joint6,0.93,0.06544297188520432,0.09444001317024231
joint6,0.94,0.05621439591050148,0.08551568537950516
joint6,0.95,0.04693033918738365,0.07650695741176605
joint6,0.96,0.037599969655275345,0.06742271780967712
joint6,0.97,0.028232494369149208,0.058271944522857666
joint6,0.98,0.018837155774235725,0.04906366392970085
joint6,0.99,0.009423227980732918,0.039806973189115524
joint6,1.0,-6.293943959626491e-16,0.03051098808646202
joint6,1.01,-0.009423227980732918,0.021184906363487244
joint6,1.02,-0.018837155774235725,0.011837930418550968
joint6,1.03,-0.028232494369149208,0.0024792731273919344
joint6,1.04,-0.037599969655275345,-0.006881826091557741
joint6,1.05,-0.04693033918738365,-0.016236132010817528
joint6,1.06,-0.05621439591050148,-0.025574419647455215
joint6,1.07,-0.06544297188520432,-0.03488747403025627
joint6,1.08,-0.07460696250200272,-0.04416607320308685
joint6,1.09,-0.08369733393192291,-0.05340109393000603
joint6,1.1,-0.09270510077476501,-0.06258343905210495
joint6,1.11,-0.10162137448787689,-0.07170400768518448
joint6,1.12,-0.11043736338615417,-0.08075383305549622
joint6,1.13,-0.11914436519145966,-0.08972395211458206
joint6,1.14,-0.12773378193378448,-0.09860554337501526
joint6,1.15,-0.13619714975357056,-0.10738983005285263
joint6,1.16,-0.14452610909938812,-0.11606810986995697
joint6,1.17,-0.15271241962909698,-0.1246318519115448
joint6,1.18,-0.16074803471565247,-0.13307256996631622
joint6,1.19,-0.16862501204013824,-0.14138196408748627
joint6,1.2,-0.17633557319641113,-0.14955183863639832
joint6,1.21,-0.18387211859226227,-0.1575741469860077
joint6,1.22,-0.19122719764709473,-0.16544094681739807
joint6,1.23,-0.1983935534954071,-0.17314450442790985
joint6,1.24,-0.2053641378879547,-0.18067717552185059
joint6,1.25,-0.2121320366859436,-0.18803150951862335
joint6,1.26,-0.21869058907032013,-0.19520026445388794
joint6,1.27,-0.22503332793712616,-0.20217643678188324
joint6,1.28,-0.23115397989749908,-0.20895303785800934
joint6,1.29,-0.2370465099811554,-0.21552342176437378
joint6,1.3,-0.2427050918340683,-0.22188110649585724
joint6,1.31,-0.2481241673231125,-0.2280198037624359
joint6,1.32,-0.2532983720302582,-0.23393352329730988
joint6,1.33,-0.2582226097583771,-0.23961634933948517
joint6,1.34,-0.2628920078277588,-0.24506275355815887
joint6,1.35,-0.2673019468784332,-0.25026729702949524
joint6,1.36,-0.2714481055736542,-0.2552247941493988
joint6,1.37,-0.2753264009952545,-0.25993043184280396
joint6,1.38,-0.27893295884132385,-0.264379620552063
joint6,1.39,-0.28226423263549805,-0.2685678005218506
joint6,1.4,-0.28531694412231445,-0.2724910378456116
joint6,1.41,-0.2880881130695343,-0.27614524960517883
joint6,1.42,-0.29057493805885315,-0.2795269787311554
joint6,1.43,-0.29277503490448,-0.2826329171657562
joint6,1.44,-0.2946861684322357,-0.28545984625816345
joint6,1.45,-0.2963064908981323,-0.28800511360168457
joint6,1.46,-0.29763442277908325,-0.29026612639427185
joint6,1.47,-0.29866859316825867,-0.2922407388687134
joint6,1.48,-0.2994080185890198,-0.2939268946647644
joint6,1.49,-0.2998519539833069,-0.2953229546546936
joint6,1.5,-0.30000001192092896,-0.29642754793167114
joint6,1.51,-0.2998519539833069,-0.29723963141441345
joint6,1.52,-0.2994080185890198,-0.2977583706378937
joint6,1.53,-0.29866859316825867,-0.2979832589626312
joint6,1.54,-0.29763442277908325,-0.2979167103767395
joint6,1.55,-0.2963064908981323,-0.2975502014160156
joint6,1.56,-0.2946861684322357,-0.29689356684684753
joint6,1.57,-0.29277503490448,-0.29594388604164124
joint6,1.58,-0.29057493805885315,-0.29470211267471313
joint6,1.59,-0.2880881130695343,-0.29316946864128113
joint6,1.6,-0.28531694412231445,-0.2913475036621094
joint6,1.61,-0.28226423263549805,-0.28923800587654114
joint6,1.62,-0.27893295884132385,-0.28684309124946594
joint6,1.63,-0.2753264009952545,-0.28416508436203003
joint6,1.64,-0.2714481055736542,-0.28120648860931396
joint6,1.65,-0.2673019468784332,-0.277970552444458
joint6,1.66,-0.2628920078277588,-0.274460107088089
joint6,1.67,-0.2582226097583771,-0.270678848028183
joint6,1.68,-0.2532983720302582,-0.26663053035736084
joint6,1.69,-0.2481241673231125,-0.2623191475868225
joint6,1.7,-0.2427050918340683,-0.2577487528324127
joint6,1.71,-0.2370465099811554,-0.25292399525642395
joint6,1.72,-0.23115397989749908,-0.24784964323043823
joint6,1.73,-0.22503332793712616,-0.2425306886434555
joint6,1.74,-0.21869058907032013,-0.23697246611118317
joint6,1.75,-0.2121320366859436,-0.231180340051651
joint6,1.76,-0.2053641378879547,-0.22516003251075745
joint6,1.77,-0.1983935534954071,-0.21891751885414124
joint6,1.78,-0.19122719764709473,-0.21245895326137543
joint6,1.79,-0.18387211859226227,-0.20579072833061218
joint6,1.8,-0.17633557319641113,-0.19891943037509918
joint6,1.81,-0.16862501204013824,-0.19185183942317963
joint6,1.82,-0.16074803471565247,-0.18459488451480865
joint6,1.83,-0.15271241962909698,-0.17715579271316528
joint6,1.84,-0.14452610909938812,-0.16954182088375092
joint6,1.85,-0.13619714975357056,-0.1617605835199356
joint6,1.86,-0.12773378193378448,-0.15381965041160583
joint6,1.87,-0.11914436519145966,-0.14572694897651672
joint6,1.88,-0.11043736338615417,-0.1374904364347458
joint6,1.89,-0.10162137448787689,-0.12911823391914368
joint6,1.9,-0.09270510077476501,-0.12061858922243118
joint6,1.91,-0.08369733393192291,-0.11199989914894104
joint6,1.92,-0.07460696250200272,-0.10327070206403732
joint6,1.93,-0.06544297188520432,-0.09443958848714828
joint6,1.94,-0.05621439591050148,-0.08551526069641113
joint6,1.95,-0.04693033918738365,-0.07650654017925262
joint6,1.96,-0.037599969655275345,-0.06742231547832489
joint6,1.97,-0.028232494369149208,-0.05827157944440842
joint6,1.98,-0.018837155774235725,-0.049063313752412796
joint6,1.99,-0.009423227980732918,-0.039806630462408066
joint6,2.0,1.2587887919252982e-15,-0.030510658398270607
joint6,2.01,0.009423227980732918,-0.02118457667529583
joint6,2.02,0.018837155774235725,-0.011837593279778957
joint6,2.03,0.028232494369149208,-0.0024789245799183846
joint6,2.04,0.037599969655275345,0.006882192566990852
joint6,2.05,0.04693033918738365,0.01623651385307312
joint6,2.06,0.05621439591050148,0.025574810802936554
joint6,2.07,0.06544297188520432,0.03488787263631821
joint6,2.08,0.07460696250200272,0.044166505336761475
joint6,2.09,0.08369733393192291,0.053401537239551544
joint6,2.1,0.09270510077476501,0.06258387863636017
joint6,2.11,0.10162137448787689,0.0717044472694397
joint6,2.12,0.11043736338615417,0.08075427263975143
joint6,2.13,0.11914436519145966,0.08972439914941788
joint6,2.14,0.12773378193378448,0.09860597550868988
joint6,2.15,0.13619714975357056,0.10739022493362427
joint6,2.16,0.14452610909938812,0.1160685196518898
joint6,2.17,0.15271241962909698,0.12463225424289703
joint6,2.18,0.16074803471565247,0.13307294249534607
joint6,2.19,0.16862501204013824,0.14138232171535492
joint6,2.2,0.17633557319641113,0.14955225586891174
joint6,2.21,0.18387211859226227,0.1575745791196823
joint6,2.22,0.19122719764709473,0.1654413938522339
joint6,2.23,0.1983935534954071,0.1731448769569397
joint6,2.24,0.2053641378879547,0.18067757785320282
joint6,2.25,0.2121320366859436,0.18803192675113678
joint6,2.26,0.21869058907032013,0.19520072638988495
joint6,2.27,0.22503332793712616,0.20217685401439667
joint6,2.28,0.23115397989749908,0.20895349979400635
joint6,2.29,0.2370465099811554,0.2155238837003708
joint6,2.3,0.2427050918340683,0.22188158333301544
joint6,2.31,0.2481241673231125,0.2280203253030777
joint6,2.32,0.2532983720302582,0.23393398523330688
joint6,2.33,0.2582226097583771,0.23961682617664337
joint6,2.34,0.2628920078277588,0.24506314098834991
joint6,2.35,0.2673019468784332,0.2502676546573639
joint6,2.36,0.2714481055736542,0.2552252411842346
joint6,2.37,0.2753264009952545,0.2599308490753174
joint6,2.38,0.27893295884132385,0.26438000798225403
joint6,2.39,0.28226423263549805,0.2685682475566864
joint6,2.4,0.28531694412231445,0.2724914848804474
joint6,2.41,0.2880881130695343,0.2761457562446594
joint6,2.42,0.29057493805885315,0.279527485370636
joint6,2.43,0.29277503490448,0.28263336420059204
joint6,2.44,0.2946861684322357,0.28546029329299927
joint6,2.45,0.2963064908981323,0.2880055904388428
joint6,2.46,0.29763442277908325,0.29026660323143005
joint6,2.47,0.29866859316825867,0.29224109649658203
joint6,2.48,0.2994080185890198,0.29392725229263306
joint6,2.49,0.2998519539833069,0.2953232526779175
joint6,2.5,0.30000001192092896,0.29642796516418457
joint6,2.51,0.2998519539833069,0.2972400486469269
joint6,2.52,0.2994080185890198,0.29775887727737427
joint6,2.53,0.29866859316825867,0.2979837954044342
joint6,2.54,0.29763442277908325,0.2979174554347992
joint6,2.55,0.2963064908981323,0.2975507974624634
joint6,2.56,0.2946861684322357,0.2968941330909729
joint6,2.57,0.29277503490448,0.295944482088089
joint6,2.58,0.29057493805885315,0.2947026789188385
joint6,2.59,0.2880881130695343,0.2931700348854065
joint6,2.6,0.28531694412231445,0.2913479506969452
joint6,2.61,0.28226423263549805,0.28923845291137695
joint6,2.62,0.27893295884132385,0.28684353828430176
joint6,2.63,0.2753264009952545,0.28416550159454346
joint6,2.64,0.2714481055736542,0.28120696544647217
joint6,2.65,0.2673019468784332,0.27797093987464905
joint6,2.66,0.2628920078277588,0.2744606137275696
joint6,2.67,0.2582226097583771,0.2706793546676636
joint6,2.68,0.2532983720302582,0.26663097739219666
joint6,2.69,0.2481241673231125,0.26231950521469116
joint6,2.7,0.2427050918340683,0.25774917006492615
joint6,2.71,0.2370465099811554,0.25292444229125977
joint6,2.72,0.23115397989749908,0.24785010516643524
joint6,2.73,0.22503332793712616,0.2425311952829361
joint6,2.74,0.21869058907032013,0.2369728982448578
joint6,2.75,0.2121320366859436,0.23118071258068085
joint6,2.76,0.2053641378879547,0.2251604050397873
joint6,2.77,0.1983935534954071,0.21891789138317108
joint6,2.78,0.19122719764709473,0.21245935559272766
joint6,2.79,0.18387211859226227,0.20579113066196442
joint6,2.8,0.17633557319641113,0.19891983270645142
joint6,2.81,0.16862501204013824,0.19185222685337067
joint6,2.82,0.16074803471565247,0.18459530174732208
joint6,2.83,0.15271241962909698,0.17715616524219513
joint6,2.84,0.14452610909938812,0.16954222321510315
joint6,2.85,0.13619714975357056,0.16176095604896545
joint6,2.86,0.12773378193378448,0.15382008254528046
joint6,2.87,0.11914436519145966,0.14572741091251373
joint6,2.88,0.11043736338615417,0.1374908685684204
joint6,2.89,0.10162137448787689,0.1291186511516571
joint6,2.9,0.09270510077476501,0.12061896175146103
joint6,2.91,0.08369733393192291,0.11200029402971268
joint6,2.92,0.07460696250200272,0.10327109694480896
joint6,2.93,0.06544297188520432,0.09443999081850052
joint6,2.94,0.05621439591050148,0.08551566302776337
joint6,2.95,0.04693033918738365,0.07650694251060486
joint6,2.96,0.037599969655275345,0.06742271780967712
joint6,2.97,0.028232494369149208,0.05827196687459946
joint6,2.98,0.018837155774235725,0.049063701182603836
joint6,2.99,0.009423227980732918,0.039807021617889404
joint6,3.0,1.8761964434865254e-14,0.030511051416397095
joint6,3.01,-0.009423227980732918,0.021184971556067467
joint6,3.02,-0.018837155774235725,0.011837990023195744
joint6,3.03,-0.028232494369149208,0.002479326445609331
joint6,3.04,-0.037599969655275345,-0.006881783250719309
joint6,3.05,-0.04693033918738365,-0.016236096620559692
joint6,3.06,-0.05621439591050148,-0.025574399158358574
joint6,3.07,-0.06544297188520432,-0.03488745167851448
joint6,3.08,-0.07460696250200272,-0.04416608810424805
joint6,3.09,-0.08369733393192291,-0.053401123732328415
joint6,3.1,-0.09270510077476501,-0.06258346140384674
joint6,3.11,-0.10162137448787689,-0.07170404493808746
joint6,3.12,-0.11043736338615417,-0.0807538777589798
joint6,3.13,-0.11914436519145966,-0.08972400426864624
joint6,3.14,-0.12773378193378448,-0.09860558807849884
joint6,3.15,-0.13619714975357056,-0.10738985240459442
joint6,3.16,-0.14452610909938812,-0.11606813222169876
joint6,3.17,-0.15271241962909698,-0.124631866812706
joint6,3.18,-0.16074803471565247,-0.13307258486747742
joint6,3.19,-0.16862501204013824,-0.14138197898864746
joint6,3.2,-0.17633557319641113,-0.1495518684387207
joint6,3.21,-0.18387211859226227,-0.15757417678833008
joint6,3.22,-0.19122719764709473,-0.16544096171855927
joint6,3.23,-0.1983935534954071,-0.17314451932907104
joint6,3.24,-0.2053641378879547,-0.18067720532417297
joint6,3.25,-0.2121320366859436,-0.18803153932094574
joint6,3.26,-0.21869058907032013,-0.19520027935504913
joint6,3.27,-0.22503332793712616,-0.20217639207839966
joint6,3.28,-0.23115397989749908,-0.20895300805568695
joint6,3.29,-0.2370465099811554,-0.2155233770608902
joint6,3.3,-0.2427050918340683,-0.22188107669353485
joint6,3.31,-0.2481241673231125,-0.2280198186635971
joint6,3.32,-0.2532983720302582,-0.23393353819847107
joint6,3.33,-0.2582226097583771,-0.23961634933948517
joint6,3.34,-0.2628920078277588,-0.24506275355815887
joint6,3.35,-0.2673019468784332,-0.25026726722717285
joint6,3.36,-0.2714481055736542,-0.2552247643470764
joint6,3.37,-0.2753264009952545,-0.25993043184280396
joint6,3.38,-0.27893295884132385,-0.2643795907497406
joint6,3.39,-0.28226423263549805,-0.2685678005218506
joint6,3.4,-0.28531694412231445,-0.2724910378456116
joint6,3.41,-0.2880881130695343,-0.2761452794075012
joint6,3.42,-0.29057493805885315,-0.2795270085334778
joint6,3.43,-0.29277503490448,-0.2826329171657562
joint6,3.44,-0.2946861684322357,-0.28545987606048584
joint6,3.45,-0.2963064908981323,-0.28800514340400696
joint6,3.46,-0.29763442277908325,-0.29026615619659424
joint6,3.47,-0.29866859316825867,-0.292240709066391
joint6,3.48,-0.2994080185890198,-0.29392683506011963
joint6,3.49,-0.2998519539833069,-0.2953229546546936
joint6,3.5,-0.30000001192092896,-0.29642754793167114
joint6,3.51,-0.2998519539833069,-0.29723963141441345
joint6,3.52,-0.2994080185890198,-0.2977583706378937
joint6,3.53,-0.29866859316825867,-0.2979832589626312
joint6,3.54,-0.29763442277908325,-0.2979167103767395
joint6,3.55,-0.2963064908981323,-0.2975502014160156
joint6,3.56,-0.2946861684322357,-0.29689356684684753
joint6,3.57,-0.29277503490448,-0.29594388604164124
joint6,3.58,-0.29057493805885315,-0.29470208287239075
joint6,3.59,-0.2880881130695343,-0.29316943883895874
joint6,3.6,-0.28531694412231445,-0.291347473859787
joint6,3.61,-0.28226423263549805,-0.28923794627189636
joint6,3.62,-0.27893295884132385,-0.28684306144714355
joint6,3.63,-0.2753264009952545,-0.28416502475738525
joint6,3.64,-0.2714481055736542,-0.2812064290046692
joint6,3.65,-0.2673019468784332,-0.27797049283981323
joint6,3.66,-0.2628920078277588,-0.2744600474834442
joint6,3.67,-0.2582226097583771,-0.2706788182258606
joint6,3.68,-0.2532983720302582,-0.26663050055503845
joint6,3.69,-0.2481241673231125,-0.2623191177845001
joint6,3.7,-0.2427050918340683,-0.2577487826347351
joint6,3.71,-0.2370465099811554,-0.25292402505874634
joint6,3.72,-0.23115397989749908,-0.24784967303276062
joint6,3.73,-0.22503332793712616,-0.2425307333469391
joint6,3.74,-0.21869058907032013,-0.23697249591350555
joint6,3.75,-0.2121320366859436,-0.2311803698539734
joint6,3.76,-0.2053641378879547,-0.22516004741191864
joint6,3.77,-0.1983935534954071,-0.21891751885414124
joint6,3.78,-0.19122719764709473,-0.21245895326137543
joint6,3.79,-0.18387211859226227,-0.205790713429451
joint6,3.8,-0.17633557319641113,-0.198919415473938
joint6,3.81,-0.16862501204013824,-0.19185182452201843
joint6,3.82,-0.16074803471565247,-0.18459489941596985
joint6,3.83,-0.15271241962909698,-0.17715580761432648
joint6,3.84,-0.14452610909938812,-0.1695418357849121
joint6,3.85,-0.13619714975357056,-0.16176056861877441
joint6,3.86,-0.12773378193378448,-0.15381963551044464
joint6,3.87,-0.11914436519145966,-0.14572693407535553
joint6,3.88,-0.11043736338615417,-0.1374904215335846
joint6,3.89,-0.10162137448787689,-0.12911823391914368
joint6,3.9,-0.09270510077476501,-0.12061859667301178
joint6,3.91,-0.08369733393192291,-0.11199989914894104
joint6,3.92,-0.07460696250200272,-0.10327070206403732
joint6,3.93,-0.06544297188520432,-0.09443958103656769
joint6,3.94,-0.05621439591050148,-0.08551525324583054
joint6,3.95,-0.04693033918738365,-0.07650653272867203
joint6,3.96,-0.037599969655275345,-0.0674223080277443
joint6,3.97,-0.028232494369149208,-0.05827156826853752
joint6,3.98,-0.018837155774235725,-0.0490633025765419
joint6,3.99,-0.009423227980732918,-0.03980661928653717
joint6,4.0,-3.904917093345596e-14,-0.03051064722239971
